image_path,life_stage_prediction
50c9509d-22c7-4a22-a47d-8c48425ef4a7/5070134576.jpg,Adult
50c9509d-22c7-4a22-a47d-8c48425ef4a7/4980646127.jpg,Adult
50c9509d-22c7-4a22-a47d-8c48425ef4a7/4976357906.jpg,Adult
50c9509d-22c7-4a22-a47d-8c48425ef4a7/4974197527.jpg,Adult
50c9509d-22c7-4a22-a47d-8c48425ef4a7/4954427915.jpg,Adult
50c9509d-22c7-4a22-a47d-8c48425ef4a7/4953125657.jpg,Adult
50c9509d-22c7-4a22-a47d-8c48425ef4a7/4953034968.jpg,Adult
50c9509d-22c7-4a22-a47d-8c48425ef4a7/4952847377.jpg,Adult
50c9509d-22c7-4a22-a47d-8c48425ef4a7/4952590078.jpg,Adult
50c9509d-22c7-4a22-a47d-8c48425ef4a7/4950476088.jpg,Adult
50c9509d-22c7-4a22-a47d-8c48425ef4a7/4945569797.jpg,Adult
50c9509d-22c7-4a22-a47d-8c48425ef4a7/4923667557.jpg,Adult
50c9509d-22c7-4a22-a47d-8c48425ef4a7/4919678189.jpg,Adult
50c9509d-22c7-4a22-a47d-8c48425ef4a7/4919588373.jpg,Adult
50c9509d-22c7-4a22-a47d-8c48425ef4a7/4919556412.jpg,Adult
50c9509d-22c7-4a22-a47d-8c48425ef4a7/4919109718.jpg,Adult
50c9509d-22c7-4a22-a47d-8c48425ef4a7/4919109718_1.jpg,Adult
50c9509d-22c7-4a22-a47d-8c48425ef4a7/4852565866.jpg,Adult
50c9509d-22c7-4a22-a47d-8c48425ef4a7/3858664315.jpg,Adult
50c9509d-22c7-4a22-a47d-8c48425ef4a7/3743351422.jpg,Adult
50c9509d-22c7-4a22-a47d-8c48425ef4a7/3705762347.jpg,Adult
50c9509d-22c7-4a22-a47d-8c48425ef4a7/3705698349.jpg,Adult
50c9509d-22c7-4a22-a47d-8c48425ef4a7/3705695346.jpg,Adult
50c9509d-22c7-4a22-a47d-8c48425ef4a7/3705650346.jpg,Adult
50c9509d-22c7-4a22-a47d-8c48425ef4a7/3705650346_1.jpg,Adult
50c9509d-22c7-4a22-a47d-8c48425ef4a7/3456963369.jpg,Adult
50c9509d-22c7-4a22-a47d-8c48425ef4a7/3456612339.jpg,Adult
50c9509d-22c7-4a22-a47d-8c48425ef4a7/3456612339_1.jpg,Adult
50c9509d-22c7-4a22-a47d-8c48425ef4a7/3456146637.jpg,Adult
50c9509d-22c7-4a22-a47d-8c48425ef4a7/3455377753.jpg,Adult
50c9509d-22c7-4a22-a47d-8c48425ef4a7/3455257638.jpg,Adult
50c9509d-22c7-4a22-a47d-8c48425ef4a7/3455202363.jpg,Adult
50c9509d-22c7-4a22-a47d-8c48425ef4a7/3031652877.jpg,Adult
50c9509d-22c7-4a22-a47d-8c48425ef4a7/3031652877_1.jpg,Adult
040c5662-da76-4782-a48e-cdea1892d14c/2250850007.jpg,Adult
040c5662-da76-4782-a48e-cdea1892d14c/2250805425.jpg,Adult
040c5662-da76-4782-a48e-cdea1892d14c/2250792492.jpg,Adult
040c5662-da76-4782-a48e-cdea1892d14c/2250792034.jpg,Adult
50c9509d-22c7-4a22-a47d-8c48425ef4a7/1571144094.jpg,Adult
040c5662-da76-4782-a48e-cdea1892d14c/1414287813.jpg,Adult
821cc27a-e3bb-4bc5-ac34-89ada245069d/1318735171.jpg,Adult
821cc27a-e3bb-4bc5-ac34-89ada245069d/1318735171_1.jpg,Adult
821cc27a-e3bb-4bc5-ac34-89ada245069d/1318735171_2.jpg,Adult
50c9509d-22c7-4a22-a47d-8c48425ef4a7/5070134576.jpg,Adult
50c9509d-22c7-4a22-a47d-8c48425ef4a7/4980646127.jpg,Adult
50c9509d-22c7-4a22-a47d-8c48425ef4a7/4976357906.jpg,Adult
50c9509d-22c7-4a22-a47d-8c48425ef4a7/4974197527.jpg,Adult
50c9509d-22c7-4a22-a47d-8c48425ef4a7/4954427915.jpg,Adult
50c9509d-22c7-4a22-a47d-8c48425ef4a7/4953125657.jpg,Adult
50c9509d-22c7-4a22-a47d-8c48425ef4a7/4953034968.jpg,Adult
50c9509d-22c7-4a22-a47d-8c48425ef4a7/4952847377.jpg,Adult
50c9509d-22c7-4a22-a47d-8c48425ef4a7/4952590078.jpg,Adult
50c9509d-22c7-4a22-a47d-8c48425ef4a7/4950476088.jpg,Adult
50c9509d-22c7-4a22-a47d-8c48425ef4a7/4945569797.jpg,Adult
50c9509d-22c7-4a22-a47d-8c48425ef4a7/4923667557.jpg,Adult
50c9509d-22c7-4a22-a47d-8c48425ef4a7/4919678189.jpg,Adult
50c9509d-22c7-4a22-a47d-8c48425ef4a7/4919588373.jpg,Adult
50c9509d-22c7-4a22-a47d-8c48425ef4a7/4919556412.jpg,Adult
50c9509d-22c7-4a22-a47d-8c48425ef4a7/4919109718.jpg,Adult
50c9509d-22c7-4a22-a47d-8c48425ef4a7/4919109718_1.jpg,Adult
50c9509d-22c7-4a22-a47d-8c48425ef4a7/4852565866.jpg,Adult
50c9509d-22c7-4a22-a47d-8c48425ef4a7/3858664315.jpg,Adult
50c9509d-22c7-4a22-a47d-8c48425ef4a7/3743351422.jpg,Adult
50c9509d-22c7-4a22-a47d-8c48425ef4a7/3705762347.jpg,Adult
50c9509d-22c7-4a22-a47d-8c48425ef4a7/3705698349.jpg,Adult
50c9509d-22c7-4a22-a47d-8c48425ef4a7/3705695346.jpg,Adult
50c9509d-22c7-4a22-a47d-8c48425ef4a7/3705650346.jpg,Adult
50c9509d-22c7-4a22-a47d-8c48425ef4a7/3705650346_1.jpg,Adult
50c9509d-22c7-4a22-a47d-8c48425ef4a7/3456963369.jpg,Adult
50c9509d-22c7-4a22-a47d-8c48425ef4a7/3456612339.jpg,Adult
50c9509d-22c7-4a22-a47d-8c48425ef4a7/3456612339_1.jpg,Adult
50c9509d-22c7-4a22-a47d-8c48425ef4a7/3456146637.jpg,Adult
50c9509d-22c7-4a22-a47d-8c48425ef4a7/3455377753.jpg,Adult
50c9509d-22c7-4a22-a47d-8c48425ef4a7/3455257638.jpg,Adult
50c9509d-22c7-4a22-a47d-8c48425ef4a7/3455202363.jpg,Adult
50c9509d-22c7-4a22-a47d-8c48425ef4a7/3031652877.jpg,Adult
50c9509d-22c7-4a22-a47d-8c48425ef4a7/3031652877_1.jpg,Adult
040c5662-da76-4782-a48e-cdea1892d14c/2250850007.jpg,Adult
040c5662-da76-4782-a48e-cdea1892d14c/2250805425.jpg,Adult
040c5662-da76-4782-a48e-cdea1892d14c/2250792492.jpg,Adult
040c5662-da76-4782-a48e-cdea1892d14c/2250792034.jpg,Adult
50c9509d-22c7-4a22-a47d-8c48425ef4a7/1571144094.jpg,Adult
040c5662-da76-4782-a48e-cdea1892d14c/1414287813.jpg,Adult
821cc27a-e3bb-4bc5-ac34-89ada245069d/1318735171.jpg,Adult
821cc27a-e3bb-4bc5-ac34-89ada245069d/1318735171_1.jpg,Adult
821cc27a-e3bb-4bc5-ac34-89ada245069d/1318735171_2.jpg,Adult
