coreid,identifier,id,datasetKey,speciesKey,familyKey,orderKey,acceptedTaxonKey,lifeStage,decimalLatitude,decimalLongitude,eventDate,count,image_path,width,height,fetch_date,file_size,corrupted
923916288,https://inaturalist-open-data.s3.amazonaws.com/photos/927170/original.jpg,923916288,50c9509d-22c7-4a22-a47d-8c48425ef4a7,9237031,6950,797,9237031,Adult,35.544401,-82.370574,2014-06-14T22:02:53,0,50c9509d-22c7-4a22-a47d-8c48425ef4a7/923916288.jpg,2048,1534,2025-03-14 17:05:50,1438273,False
5070134576,https://inaturalist-open-data.s3.amazonaws.com/photos/470997420/original.jpg,5070134576,50c9509d-22c7-4a22-a47d-8c48425ef4a7,9237031,6950,797,9237031,,39.464317,-82.480675,2024-06-12T22:48:58,0,50c9509d-22c7-4a22-a47d-8c48425ef4a7/5070134576.jpg,2048,1536,2025-03-14 17:05:54,1254068,False
5064070634,https://inaturalist-open-data.s3.amazonaws.com/photos/469398312/original.jpeg,5064070634,50c9509d-22c7-4a22-a47d-8c48425ef4a7,9237031,6950,797,9237031,Adult,40.438571,-80.373923,2024-09-14T21:11,0,50c9509d-22c7-4a22-a47d-8c48425ef4a7/5064070634.jpg,886,664,2025-03-14 17:05:56,802501,False
4987795058,https://inaturalist-open-data.s3.amazonaws.com/photos/392244719/original.jpeg,4987795058,50c9509d-22c7-4a22-a47d-8c48425ef4a7,9237031,6950,797,9237031,Adult,39.476654,-82.585136,2024-06-08T22:51:38,0,50c9509d-22c7-4a22-a47d-8c48425ef4a7/4987795058.jpg,1152,2048,2025-03-14 17:07:01,2194809,False
4987647687,https://inaturalist-open-data.s3.amazonaws.com/photos/5170320/original.jpeg,4987647687,50c9509d-22c7-4a22-a47d-8c48425ef4a7,9237031,6950,797,9237031,Adult,30.821667,-91.268059,2016-10-08T22:58:13,0,50c9509d-22c7-4a22-a47d-8c48425ef4a7/4987647687.jpg,2048,1152,2025-03-14 17:06:53,1343630,False
4980646127,https://inaturalist-open-data.s3.amazonaws.com/photos/449733910/original.jpeg,4980646127,50c9509d-22c7-4a22-a47d-8c48425ef4a7,1811258,4532185,797,1811258,,-0.392045,-77.816574,2024-10-28T01:46,0,50c9509d-22c7-4a22-a47d-8c48425ef4a7/4980646127.jpg,832,628,2025-03-14 17:06:31,211857,False
4976357906,https://inaturalist-open-data.s3.amazonaws.com/photos/445714103/original.jpeg,4976357906,50c9509d-22c7-4a22-a47d-8c48425ef4a7,9237031,6950,797,9237031,,32.661033,-87.314705,2024-10-26T07:54:19,0,50c9509d-22c7-4a22-a47d-8c48425ef4a7/4976357906.jpg,1131,1508,2025-03-14 17:06:53,604938,False
4974197527,https://inaturalist-open-data.s3.amazonaws.com/photos/444104777/original.jpeg,4974197527,50c9509d-22c7-4a22-a47d-8c48425ef4a7,9237031,6950,797,9237031,,32.574313,-85.945102,2024-10-21T06:41:54,0,50c9509d-22c7-4a22-a47d-8c48425ef4a7/4974197527.jpg,2048,1384,2025-03-14 17:07:07,1684848,False
4954515138,https://inaturalist-open-data.s3.amazonaws.com/photos/440496908/original.jpg,4954515138,50c9509d-22c7-4a22-a47d-8c48425ef4a7,9237031,6950,797,9237031,Adult,31.143577,-93.746901,2024-10-01T21:26,1,50c9509d-22c7-4a22-a47d-8c48425ef4a7/4954515138_1.jpg,1465,1182,2025-03-14 17:05:47,282563,False
4954427915,https://inaturalist-open-data.s3.amazonaws.com/photos/441785975/original.jpeg,4954427915,50c9509d-22c7-4a22-a47d-8c48425ef4a7,9237031,6950,797,9237031,,36.130453,-79.52919,2024-09-07T21:04,0,50c9509d-22c7-4a22-a47d-8c48425ef4a7/4954427915.jpg,1519,1519,2025-03-14 17:05:50,616265,False
4953125657,https://inaturalist-open-data.s3.amazonaws.com/photos/436819578/original.jpeg,4953125657,50c9509d-22c7-4a22-a47d-8c48425ef4a7,9237031,6950,797,9237031,,32.574349,-85.945199,2024-09-29T22:22:52,0,50c9509d-22c7-4a22-a47d-8c48425ef4a7/4953125657.jpg,1445,938,2025-03-14 17:05:52,577682,False
4953034968,https://inaturalist-open-data.s3.amazonaws.com/photos/438837603/original.jpeg,4953034968,50c9509d-22c7-4a22-a47d-8c48425ef4a7,9237031,6950,797,9237031,,32.574374,-85.945129,2024-10-05T06:15:53,0,50c9509d-22c7-4a22-a47d-8c48425ef4a7/4953034968.jpg,1587,1900,2025-03-14 17:05:57,1616546,False
4952847377,https://inaturalist-open-data.s3.amazonaws.com/photos/436482418/original.jpeg,4952847377,50c9509d-22c7-4a22-a47d-8c48425ef4a7,9237031,6950,797,9237031,,30.942864,-93.05011,2024-09-29T06:13:13,0,50c9509d-22c7-4a22-a47d-8c48425ef4a7/4952847377.jpg,963,669,2025-03-14 17:06:53,394792,False
4952590078,https://inaturalist-open-data.s3.amazonaws.com/photos/439236470/original.jpeg,4952590078,50c9509d-22c7-4a22-a47d-8c48425ef4a7,9237031,6950,797,9237031,,32.771425,-86.007235,2024-10-05T21:39:32,0,50c9509d-22c7-4a22-a47d-8c48425ef4a7/4952590078.jpg,1704,2048,2025-03-14 17:07:08,1089053,False
4952489954,https://inaturalist-open-data.s3.amazonaws.com/photos/439615320/original.jpeg,4952489954,50c9509d-22c7-4a22-a47d-8c48425ef4a7,9237031,6950,797,9237031,Adult,33.579575,-86.999004,2024-10-07T22:45:53,0,50c9509d-22c7-4a22-a47d-8c48425ef4a7/4952489954.jpg,951,913,2025-03-14 17:06:56,324808,False
4950476088,https://inaturalist-open-data.s3.amazonaws.com/photos/434798002/original.jpeg,4950476088,50c9509d-22c7-4a22-a47d-8c48425ef4a7,9237031,6950,797,9237031,,31.159364,-86.619387,2024-09-23T21:37:26,0,50c9509d-22c7-4a22-a47d-8c48425ef4a7/4950476088.jpg,2048,1536,2025-03-14 17:07:02,759103,False
4946384054,https://inaturalist-open-data.s3.amazonaws.com/photos/427030329/original.jpeg,4946384054,50c9509d-22c7-4a22-a47d-8c48425ef4a7,9237031,6950,797,9237031,Adult,34.912369,-87.724956,2024-09-01T22:22,0,50c9509d-22c7-4a22-a47d-8c48425ef4a7/4946384054.jpg,1177,985,2025-03-14 17:06:55,214053,False
4945642083,https://inaturalist-open-data.s3.amazonaws.com/photos/427339573/original.jpg,4945642083,50c9509d-22c7-4a22-a47d-8c48425ef4a7,9237031,6950,797,9237031,Adult,38.956239,-84.189885,2024-09-02T06:32,0,50c9509d-22c7-4a22-a47d-8c48425ef4a7/4945642083.jpg,2048,1488,2025-03-14 17:05:49,2104334,False
4945621952,https://inaturalist-open-data.s3.amazonaws.com/photos/428120561/original.jpg,4945621952,50c9509d-22c7-4a22-a47d-8c48425ef4a7,9237031,6950,797,9237031,Adult,26.500492,-80.211861,2024-09-06T20:12,0,50c9509d-22c7-4a22-a47d-8c48425ef4a7/4945621952.jpg,2048,2048,2025-03-14 17:05:51,827182,False
4945619908,https://inaturalist-open-data.s3.amazonaws.com/photos/425609264/original.jpg,4945619908,50c9509d-22c7-4a22-a47d-8c48425ef4a7,9237031,6950,797,9237031,Adult,35.006976,-92.570752,2024-08-30T06:05,0,50c9509d-22c7-4a22-a47d-8c48425ef4a7/4945619908.jpg,1065,670,2025-03-14 17:05:52,126849,False
4945569797,https://inaturalist-open-data.s3.amazonaws.com/photos/412853419/original.jpeg,4945569797,50c9509d-22c7-4a22-a47d-8c48425ef4a7,9237031,6950,797,9237031,,30.658178,-88.046201,2024-07-21T20:45,0,50c9509d-22c7-4a22-a47d-8c48425ef4a7/4945569797.jpg,1180,784,2025-03-14 17:05:55,242918,False
4937110007,https://inaturalist-open-data.s3.amazonaws.com/photos/412868814/original.jpg,4937110007,50c9509d-22c7-4a22-a47d-8c48425ef4a7,9237031,6950,797,9237031,Adult,33.676308,-89.989869,2023-05-08T06:10,0,50c9509d-22c7-4a22-a47d-8c48425ef4a7/4937110007.jpg,2000,1333,2025-03-14 17:06:59,335233,False
4937089115,https://inaturalist-open-data.s3.amazonaws.com/photos/292604661/original.jpg,4937089115,50c9509d-22c7-4a22-a47d-8c48425ef4a7,9237031,6950,797,9237031,Adult,39.63097,-82.5682,2023-06-18T21:53,0,50c9509d-22c7-4a22-a47d-8c48425ef4a7/4937089115.jpg,2048,1365,2025-03-14 17:07:04,989402,False
4923667557,https://inaturalist-open-data.s3.amazonaws.com/photos/417838082/original.jpeg,4923667557,50c9509d-22c7-4a22-a47d-8c48425ef4a7,9237031,6950,797,9237031,,36.499729,-87.828139,2024-08-09T22:08,0,50c9509d-22c7-4a22-a47d-8c48425ef4a7/4923667557.jpg,1367,977,2025-03-14 17:06:59,354464,False
4919678189,https://inaturalist-open-data.s3.amazonaws.com/photos/411635142/original.jpeg,4919678189,50c9509d-22c7-4a22-a47d-8c48425ef4a7,9237031,6950,797,9237031,,32.660955,-87.314658,2024-07-24T22:13:19,0,50c9509d-22c7-4a22-a47d-8c48425ef4a7/4919678189.jpg,1344,1792,2025-03-14 17:05:49,974106,False
4919588373,https://inaturalist-open-data.s3.amazonaws.com/photos/411881604/original.jpg,4919588373,50c9509d-22c7-4a22-a47d-8c48425ef4a7,9237031,6950,797,9237031,,35.944383,-92.33761,2024-07-23T20:57,0,50c9509d-22c7-4a22-a47d-8c48425ef4a7/4919588373.jpg,1064,882,2025-03-14 17:05:51,100676,False
4919556412,https://inaturalist-open-data.s3.amazonaws.com/photos/413010651/original.jpeg,4919556412,50c9509d-22c7-4a22-a47d-8c48425ef4a7,9237031,6950,797,9237031,,27.21435,-81.931108,2024-07-25T17:33,0,50c9509d-22c7-4a22-a47d-8c48425ef4a7/4919556412.jpg,1280,1082,2025-03-14 17:05:53,412495,False
4919109718,https://inaturalist-open-data.s3.amazonaws.com/photos/413244490/original.jpeg,4919109718,50c9509d-22c7-4a22-a47d-8c48425ef4a7,1811258,4532185,797,1811258,,14.034962,-87.074989,2024-07-27T20:47:41,0,50c9509d-22c7-4a22-a47d-8c48425ef4a7/4919109718.jpg,1790,1271,2025-03-14 17:06:32,727419,False
4919109718,https://inaturalist-open-data.s3.amazonaws.com/photos/413244533/original.jpeg,4919109718,50c9509d-22c7-4a22-a47d-8c48425ef4a7,1811258,4532185,797,1811258,,14.034962,-87.074989,2024-07-27T20:47:41,1,50c9509d-22c7-4a22-a47d-8c48425ef4a7/4919109718_1.jpg,2048,1536,2025-03-14 17:06:35,1903123,False
4901047159,https://inaturalist-open-data.s3.amazonaws.com/photos/385778658/original.jpeg,4901047159,50c9509d-22c7-4a22-a47d-8c48425ef4a7,9237031,6950,797,9237031,Adult,33.443445,-85.579956,2024-05-24T21:13,0,50c9509d-22c7-4a22-a47d-8c48425ef4a7/4901047159.jpg,317,202,2025-03-14 17:07:00,37390,False
4892227572,https://inaturalist-open-data.s3.amazonaws.com/photos/391410831/original.jpeg,4892227572,50c9509d-22c7-4a22-a47d-8c48425ef4a7,9237031,6950,797,9237031,Adult,36.516728,-94.02602,2024-06-04T22:35:57,0,50c9509d-22c7-4a22-a47d-8c48425ef4a7/4892227572.jpg,1428,1832,2025-03-14 17:05:49,966904,False
4892141962,https://inaturalist-open-data.s3.amazonaws.com/photos/390948999/original.jpeg,4892141962,50c9509d-22c7-4a22-a47d-8c48425ef4a7,9237031,6950,797,9237031,Adult,39.548942,-82.062187,2024-05-25T23:43:01,0,50c9509d-22c7-4a22-a47d-8c48425ef4a7/4892141962.jpg,1299,975,2025-03-14 17:05:51,706833,False
4892029613,https://inaturalist-open-data.s3.amazonaws.com/photos/390978432/original.jpeg,4892029613,50c9509d-22c7-4a22-a47d-8c48425ef4a7,9237031,6950,797,9237031,Adult,40.329845,-81.240074,2024-06-03T23:03,0,50c9509d-22c7-4a22-a47d-8c48425ef4a7/4892029613.jpg,2048,1885,2025-03-14 17:05:55,2042159,False
4892004258,https://inaturalist-open-data.s3.amazonaws.com/photos/393411123/original.jpeg,4892004258,50c9509d-22c7-4a22-a47d-8c48425ef4a7,9237031,6950,797,9237031,Adult,36.17307,-94.671584,2024-06-02T05:46,0,50c9509d-22c7-4a22-a47d-8c48425ef4a7/4892004258.jpg,1854,1541,2025-03-14 17:05:58,519710,False
4875396103,https://inaturalist-open-data.s3.amazonaws.com/photos/387684051/original.jpg,4875396103,50c9509d-22c7-4a22-a47d-8c48425ef4a7,9237031,6950,797,9237031,Adult,37.258177,-92.021679,2024-05-28T23:22:14,1,50c9509d-22c7-4a22-a47d-8c48425ef4a7/4875396103_1.jpg,2048,1352,2025-03-14 17:06:57,681428,False
4875387109,https://inaturalist-open-data.s3.amazonaws.com/photos/389712652/original.jpeg,4875387109,50c9509d-22c7-4a22-a47d-8c48425ef4a7,9237031,6950,797,9237031,Adult,35.616799,-79.156912,2024-05-25T22:47,0,50c9509d-22c7-4a22-a47d-8c48425ef4a7/4875387109.jpg,1558,1558,2025-03-14 17:07:01,563437,False
4872294037,https://inaturalist-open-data.s3.amazonaws.com/photos/382633537/original.jpg,4872294037,50c9509d-22c7-4a22-a47d-8c48425ef4a7,9237031,6950,797,9237031,Adult,30.943567,-93.048797,2024-05-11T21:21:32,0,50c9509d-22c7-4a22-a47d-8c48425ef4a7/4872294037.jpg,1536,2048,2025-03-14 17:07:04,1609519,False
4863919380,https://inaturalist-open-data.s3.amazonaws.com/photos/379464311/original.jpeg,4863919380,50c9509d-22c7-4a22-a47d-8c48425ef4a7,9237031,6950,797,9237031,Adult,32.574394,-85.945033,2024-05-07T20:55:38,0,50c9509d-22c7-4a22-a47d-8c48425ef4a7/4863919380.jpg,1352,1153,2025-03-14 17:06:58,550468,False
4852940646,https://inaturalist-open-data.s3.amazonaws.com/photos/369721281/original.jpeg,4852940646,50c9509d-22c7-4a22-a47d-8c48425ef4a7,9237031,6950,797,9237031,Adult,34.048656,-77.914682,2024-04-16T22:00,0,50c9509d-22c7-4a22-a47d-8c48425ef4a7/4852940646.jpg,1930,1930,2025-03-14 17:05:48,881577,False
4852784615,https://inaturalist-open-data.s3.amazonaws.com/photos/368338392/original.jpg,4852784615,50c9509d-22c7-4a22-a47d-8c48425ef4a7,9237031,6950,797,9237031,Adult,30.170314,-84.323098,2024-03-17T08:08,0,50c9509d-22c7-4a22-a47d-8c48425ef4a7/4852784615.jpg,2048,1779,2025-03-14 17:05:50,484558,False
4852784615,https://inaturalist-open-data.s3.amazonaws.com/photos/368338383/original.jpg,4852784615,50c9509d-22c7-4a22-a47d-8c48425ef4a7,9237031,6950,797,9237031,Adult,30.170314,-84.323098,2024-03-17T08:08,1,50c9509d-22c7-4a22-a47d-8c48425ef4a7/4852784615_1.jpg,2048,1241,2025-03-14 17:05:53,375758,False
4852565866,https://inaturalist-open-data.s3.amazonaws.com/photos/374926766/original.jpg,4852565866,50c9509d-22c7-4a22-a47d-8c48425ef4a7,9237031,6950,797,9237031,,14.871245,-87.9057,2024-03-09T05:30:29,0,50c9509d-22c7-4a22-a47d-8c48425ef4a7/4852565866.jpg,1536,2048,2025-03-14 17:05:57,1570070,False
4599725055,https://inaturalist-open-data.s3.amazonaws.com/photos/304455369/original.jpeg,4599725055,50c9509d-22c7-4a22-a47d-8c48425ef4a7,9237031,6950,797,9237031,Adult,30.370167,-91.105961,2023-07-26T22:27,0,50c9509d-22c7-4a22-a47d-8c48425ef4a7/4599725055.jpg,2048,1536,2025-03-14 17:06:57,1643292,False
4535653675,https://inaturalist-open-data.s3.amazonaws.com/photos/354302795/original.jpeg,4535653675,50c9509d-22c7-4a22-a47d-8c48425ef4a7,9237031,6950,797,9237031,Adult,29.668707,-82.23874,2024-02-27T20:22,0,50c9509d-22c7-4a22-a47d-8c48425ef4a7/4535653675.jpg,2048,1511,2025-03-14 17:06:52,819312,False
4524982445,https://inaturalist-open-data.s3.amazonaws.com/photos/320328088/original.jpg,4524982445,50c9509d-22c7-4a22-a47d-8c48425ef4a7,9237031,6950,797,9237031,Adult,31.889588,-81.199212,2023-09-16T20:28:37,1,50c9509d-22c7-4a22-a47d-8c48425ef4a7/4524982445_1.jpg,1536,2048,2025-03-14 17:07:00,595790,False
4524968795,https://inaturalist-open-data.s3.amazonaws.com/photos/264306215/original.jpg,4524968795,50c9509d-22c7-4a22-a47d-8c48425ef4a7,9237031,6950,797,9237031,Adult,29.880726,-98.61413,2023-04-01T00:04:59,0,50c9509d-22c7-4a22-a47d-8c48425ef4a7/4524968795.jpg,1536,2048,2025-03-14 17:06:48,1307488,False
4522518893,https://inaturalist-open-data.s3.amazonaws.com/photos/317455120/original.jpeg,4522518893,50c9509d-22c7-4a22-a47d-8c48425ef4a7,9237031,6950,797,9237031,Adult,40.354606,-81.229362,2023-09-05T22:29,0,50c9509d-22c7-4a22-a47d-8c48425ef4a7/4522518893.jpg,2048,1753,2025-03-14 17:06:55,1434049,False
4458372362,https://inaturalist-open-data.s3.amazonaws.com/photos/50921869/original.jpeg,4458372362,50c9509d-22c7-4a22-a47d-8c48425ef4a7,9237031,6950,797,9237031,Adult,34.195001,-80.182436,2019-09-07T22:15,0,50c9509d-22c7-4a22-a47d-8c48425ef4a7/4458372362.jpg,532,537,2025-03-14 17:05:46,175775,False
4458345900,https://inaturalist-open-data.s3.amazonaws.com/photos/287104854/original.jpg,4458345900,50c9509d-22c7-4a22-a47d-8c48425ef4a7,9237031,6950,797,9237031,Adult,30.169553,-81.613441,2023-06-05T22:12:03,0,50c9509d-22c7-4a22-a47d-8c48425ef4a7/4458345900.jpg,946,2048,2025-03-14 17:05:50,456365,False
4453981552,https://inaturalist-open-data.s3.amazonaws.com/photos/227753593/original.jpg,4453981552,50c9509d-22c7-4a22-a47d-8c48425ef4a7,9237031,6950,797,9237031,Adult,39.223115,-83.357793,2022-09-03T01:36,0,50c9509d-22c7-4a22-a47d-8c48425ef4a7/4453981552.jpg,2048,1239,2025-03-14 17:05:53,1655958,False
4453960896,https://inaturalist-open-data.s3.amazonaws.com/photos/313603160/original.jpeg,4453960896,50c9509d-22c7-4a22-a47d-8c48425ef4a7,9237031,6950,797,9237031,Adult,34.180348,-86.445012,2023-08-24T20:14:37,0,50c9509d-22c7-4a22-a47d-8c48425ef4a7/4453960896.jpg,1540,1540,2025-03-14 17:05:57,1233382,False
4453953735,https://inaturalist-open-data.s3.amazonaws.com/photos/285074666/original.jpeg,4453953735,50c9509d-22c7-4a22-a47d-8c48425ef4a7,9237031,6950,797,9237031,Adult,34.147,-86.430567,2023-05-30T20:20:21,1,50c9509d-22c7-4a22-a47d-8c48425ef4a7/4453953735_1.jpg,1884,2048,2025-03-14 17:07:06,1475646,False
4453947648,https://inaturalist-open-data.s3.amazonaws.com/photos/270557599/original.jpg,4453947648,50c9509d-22c7-4a22-a47d-8c48425ef4a7,9237031,6950,797,9237031,Adult,29.635088,-82.412055,2023-04-18T22:00:57,0,50c9509d-22c7-4a22-a47d-8c48425ef4a7/4453947648.jpg,1255,885,2025-03-14 17:07:05,360588,False
4453820761,https://inaturalist-open-data.s3.amazonaws.com/photos/288155097/original.jpeg,4453820761,50c9509d-22c7-4a22-a47d-8c48425ef4a7,9237031,6950,797,9237031,Adult,26.171038,-81.07098,2023-06-03T05:52,0,50c9509d-22c7-4a22-a47d-8c48425ef4a7/4453820761.jpg,2048,2012,2025-03-14 17:07:05,509493,False
4453724801,https://inaturalist-open-data.s3.amazonaws.com/photos/293421699/original.jpeg,4453724801,50c9509d-22c7-4a22-a47d-8c48425ef4a7,9237031,6950,797,9237031,Adult,35.75951,-82.38055,2023-06-24T08:05,0,50c9509d-22c7-4a22-a47d-8c48425ef4a7/4453724801.jpg,1280,995,2025-03-14 17:06:54,1518919,False
4453724682,https://inaturalist-open-data.s3.amazonaws.com/photos/270288356/original.jpeg,4453724682,50c9509d-22c7-4a22-a47d-8c48425ef4a7,9237031,6950,797,9237031,Adult,30.943065,-93.047984,2023-04-16T05:41:23,0,50c9509d-22c7-4a22-a47d-8c48425ef4a7/4453724682.jpg,570,599,2025-03-14 17:06:52,159232,False
4453684989,https://inaturalist-open-data.s3.amazonaws.com/photos/317037475/original.jpeg,4453684989,50c9509d-22c7-4a22-a47d-8c48425ef4a7,9237031,6950,797,9237031,Adult,40.464997,-81.868045,2023-09-03T22:29,0,50c9509d-22c7-4a22-a47d-8c48425ef4a7/4453684989.jpg,1944,1484,2025-03-14 17:05:50,1447192,False
4453684801,https://inaturalist-open-data.s3.amazonaws.com/photos/293497909/original.jpg,4453684801,50c9509d-22c7-4a22-a47d-8c48425ef4a7,9237031,6950,797,9237031,Adult,28.069967,-82.64408,2023-06-24T21:34:07,0,50c9509d-22c7-4a22-a47d-8c48425ef4a7/4453684801.jpg,1152,2048,2025-03-14 17:05:52,389016,False
4453684801,https://inaturalist-open-data.s3.amazonaws.com/photos/293497945/original.jpg,4453684801,50c9509d-22c7-4a22-a47d-8c48425ef4a7,9237031,6950,797,9237031,Adult,28.069967,-82.64408,2023-06-24T21:34:07,1,50c9509d-22c7-4a22-a47d-8c48425ef4a7/4453684801_1.jpg,1152,2048,2025-03-14 17:05:54,656361,False
4453681921,https://inaturalist-open-data.s3.amazonaws.com/photos/318918297/original.jpeg,4453681921,50c9509d-22c7-4a22-a47d-8c48425ef4a7,9237031,6950,797,9237031,Adult,32.574262,-85.945211,2023-09-07T20:48:47,0,50c9509d-22c7-4a22-a47d-8c48425ef4a7/4453681921.jpg,1475,1204,2025-03-14 17:05:58,1076506,False
4453671008,https://inaturalist-open-data.s3.amazonaws.com/photos/320481462/original.jpeg,4453671008,50c9509d-22c7-4a22-a47d-8c48425ef4a7,9237031,6950,797,9237031,Adult,31.40761,-92.806369,2023-09-16T20:49:46,0,50c9509d-22c7-4a22-a47d-8c48425ef4a7/4453671008.jpg,850,618,2025-03-14 17:06:52,356849,False
4431056203,https://inaturalist-open-data.s3.amazonaws.com/photos/328107025/original.jpeg,4431056203,50c9509d-22c7-4a22-a47d-8c48425ef4a7,9237031,6950,797,9237031,Adult,30.840176,-88.073298,2023-10-15T00:39:45,0,50c9509d-22c7-4a22-a47d-8c48425ef4a7/4431056203.jpg,1461,1020,2025-03-14 17:06:58,685221,False
4430612974,https://inaturalist-open-data.s3.amazonaws.com/photos/328564379/original.jpeg,4430612974,50c9509d-22c7-4a22-a47d-8c48425ef4a7,9237031,6950,797,9237031,Adult,34.882504,-86.008762,2023-05-26T22:34,1,50c9509d-22c7-4a22-a47d-8c48425ef4a7/4430612974_1.jpg,2048,1536,2025-03-14 17:06:49,580597,False
4407198475,https://inaturalist-open-data.s3.amazonaws.com/photos/246336037/original.jpeg,4407198475,50c9509d-22c7-4a22-a47d-8c48425ef4a7,9237031,6950,797,9237031,Adult,30.38403,-90.63854,2010-07-03T23:48,0,50c9509d-22c7-4a22-a47d-8c48425ef4a7/4407198475.jpg,2048,1365,2025-03-14 17:07:04,1319879,False
4400014662,https://inaturalist-open-data.s3.amazonaws.com/photos/311344961/original.jpeg,4400014662,50c9509d-22c7-4a22-a47d-8c48425ef4a7,9237031,6950,797,9237031,Adult,37.727296,-76.385029,2013-06-04T02:10,0,50c9509d-22c7-4a22-a47d-8c48425ef4a7/4400014662.jpg,1211,810,2025-03-14 17:06:50,91607,False
4172042301,https://inaturalist-open-data.s3.amazonaws.com/photos/307194216/original.jpg,4172042301,50c9509d-22c7-4a22-a47d-8c48425ef4a7,9237031,6950,797,9237031,Adult,30.942106,-93.051619,2023-07-24T21:35,0,50c9509d-22c7-4a22-a47d-8c48425ef4a7/4172042301.jpg,1486,1500,2025-03-14 17:06:58,1184814,False
4171829053,https://inaturalist-open-data.s3.amazonaws.com/photos/306336097/original.jpeg,4171829053,50c9509d-22c7-4a22-a47d-8c48425ef4a7,9237031,6950,797,9237031,Adult,34.912306,-87.724921,2023-07-30T01:30,0,50c9509d-22c7-4a22-a47d-8c48425ef4a7/4171829053.jpg,989,773,2025-03-14 17:06:51,200311,False
4171734664,https://inaturalist-open-data.s3.amazonaws.com/photos/303574056/original.jpeg,4171734664,50c9509d-22c7-4a22-a47d-8c48425ef4a7,9237031,6950,797,9237031,Adult,30.898516,-91.342014,2023-07-23T21:38,0,50c9509d-22c7-4a22-a47d-8c48425ef4a7/4171734664.jpg,2048,1565,2025-03-14 17:07:03,677318,False
4145373869,https://inaturalist-open-data.s3.amazonaws.com/photos/292921602/original.jpeg,4145373869,50c9509d-22c7-4a22-a47d-8c48425ef4a7,9237031,6950,797,9237031,Adult,38.810027,-89.994637,2023-06-16T02:01,0,50c9509d-22c7-4a22-a47d-8c48425ef4a7/4145373869.jpg,956,956,2025-03-14 17:07:00,410617,False
4145305787,https://inaturalist-open-data.s3.amazonaws.com/photos/292194293/original.jpg,4145305787,50c9509d-22c7-4a22-a47d-8c48425ef4a7,9237031,6950,797,9237031,Adult,38.479279,-81.366841,2023-06-20T21:40:12,0,50c9509d-22c7-4a22-a47d-8c48425ef4a7/4145305787.jpg,1536,2048,2025-03-14 17:07:02,470050,False
4127393416,https://inaturalist-open-data.s3.amazonaws.com/photos/280566789/original.jpg,4127393416,50c9509d-22c7-4a22-a47d-8c48425ef4a7,9237031,6950,797,9237031,Adult,35.832445,-78.964858,2023-05-17T23:30:28,0,50c9509d-22c7-4a22-a47d-8c48425ef4a7/4127393416.jpg,2048,1350,2025-03-14 17:06:55,1054990,False
4121464828,https://inaturalist-open-data.s3.amazonaws.com/photos/281291870/original.jpg,4121464828,50c9509d-22c7-4a22-a47d-8c48425ef4a7,9237031,6950,797,9237031,Adult,28.320392,-81.545517,2023-05-19T08:58:23,3,50c9509d-22c7-4a22-a47d-8c48425ef4a7/4121464828_3.jpg,1536,2048,2025-03-14 17:06:56,583534,False
4121208408,https://inaturalist-open-data.s3.amazonaws.com/photos/227771862/original.jpeg,4121208408,50c9509d-22c7-4a22-a47d-8c48425ef4a7,9237031,6950,797,9237031,Adult,39.223157,-83.358031,2022-09-02T01:35,0,50c9509d-22c7-4a22-a47d-8c48425ef4a7/4121208408.jpg,2048,1368,2025-03-14 17:07:02,582161,False
4116199361,https://inaturalist-open-data.s3.amazonaws.com/photos/278584485/original.jpeg,4116199361,50c9509d-22c7-4a22-a47d-8c48425ef4a7,9237031,6950,797,9237031,Adult,29.668538,-82.238744,2023-05-11T23:18,0,50c9509d-22c7-4a22-a47d-8c48425ef4a7/4116199361.jpg,1713,1316,2025-03-14 17:06:49,618434,False
4112001243,https://inaturalist-open-data.s3.amazonaws.com/photos/277879965/original.jpg,4112001243,50c9509d-22c7-4a22-a47d-8c48425ef4a7,9237031,6950,797,9237031,Adult,29.093983,-81.349617,2023-05-09T07:50,0,50c9509d-22c7-4a22-a47d-8c48425ef4a7/4112001243.jpg,1620,1102,2025-03-14 17:06:48,435800,False
4102715586,https://inaturalist-open-data.s3.amazonaws.com/photos/270671877/original.jpeg,4102715586,50c9509d-22c7-4a22-a47d-8c48425ef4a7,9237031,6950,797,9237031,Adult,33.316211,-88.850272,2023-04-24T20:50:05,0,50c9509d-22c7-4a22-a47d-8c48425ef4a7/4102715586.jpg,2048,1536,2025-03-14 17:06:52,2395748,False
4091514625,https://inaturalist-open-data.s3.amazonaws.com/photos/268646442/original.jpeg,4091514625,50c9509d-22c7-4a22-a47d-8c48425ef4a7,9237031,6950,797,9237031,Adult,31.167995,-92.275328,2023-04-15T20:32,0,50c9509d-22c7-4a22-a47d-8c48425ef4a7/4091514625.jpg,2048,1536,2025-03-14 17:07:07,1202619,False
4075927703,https://inaturalist-open-data.s3.amazonaws.com/photos/263165889/original.jpg,4075927703,50c9509d-22c7-4a22-a47d-8c48425ef4a7,9237031,6950,797,9237031,Adult,29.635122,-82.412087,2023-03-24T23:53:02,0,50c9509d-22c7-4a22-a47d-8c48425ef4a7/4075927703.jpg,1278,957,2025-03-14 17:07:00,432204,False
4075864623,https://inaturalist-open-data.s3.amazonaws.com/photos/263026850/original.jpeg,4075864623,50c9509d-22c7-4a22-a47d-8c48425ef4a7,9237031,6950,797,9237031,Adult,29.717235,-81.604377,2023-03-25T21:15,0,50c9509d-22c7-4a22-a47d-8c48425ef4a7/4075864623.jpg,2048,960,2025-03-14 17:06:52,409127,False
4062884497,https://inaturalist-open-data.s3.amazonaws.com/photos/232461910/original.jpg,4062884497,50c9509d-22c7-4a22-a47d-8c48425ef4a7,9237031,6950,797,9237031,Adult,31.608903,-87.815208,2022-09-23T19:53:38,0,50c9509d-22c7-4a22-a47d-8c48425ef4a7/4062884497.jpg,1536,2048,2025-03-14 17:06:56,902682,False
4062834272,https://inaturalist-open-data.s3.amazonaws.com/photos/260524643/original.jpg,4062834272,50c9509d-22c7-4a22-a47d-8c48425ef4a7,9237031,6950,797,9237031,Adult,29.050609,-82.461573,2023-03-12T20:07,0,50c9509d-22c7-4a22-a47d-8c48425ef4a7/4062834272.jpg,941,1177,2025-03-14 17:06:58,101359,False
4062551504,https://inaturalist-open-data.s3.amazonaws.com/photos/239183507/original.jpeg,4062551504,50c9509d-22c7-4a22-a47d-8c48425ef4a7,9237031,6950,797,9237031,Adult,32.547335,-85.423913,2022-10-23T07:04,0,50c9509d-22c7-4a22-a47d-8c48425ef4a7/4062551504.jpg,547,540,2025-03-14 17:06:50,96868,False
4052627663,https://archive.org/download/faunaBiogrepalma/Mariposas%20%28135%29.PNG,4052627663,baf0dd21-64e7-46ea-95d0-e359c2f8e61b,1811258,4532185,797,1811258,Adult,15.853339,-89.996409,2022-09-20,0,baf0dd21-64e7-46ea-95d0-e359c2f8e61b/4052627663.jpg,1075,720,2025-03-14 17:06:37,1121000,False
4015007621,https://inaturalist-open-data.s3.amazonaws.com/photos/223822010/original.jpeg,4015007621,50c9509d-22c7-4a22-a47d-8c48425ef4a7,9237031,6950,797,9237031,Adult,35.268916,-85.171145,2022-08-18T21:17:16,0,50c9509d-22c7-4a22-a47d-8c48425ef4a7/4015007621.jpg,2048,1715,2025-03-14 17:07:00,1449908,False
3986095764,https://inaturalist-open-data.s3.amazonaws.com/photos/233415542/original.jpeg,3986095764,50c9509d-22c7-4a22-a47d-8c48425ef4a7,9237031,6950,797,9237031,Adult,30.700811,-88.169689,2022-09-17T19:29,0,50c9509d-22c7-4a22-a47d-8c48425ef4a7/3986095764.jpg,1194,793,2025-03-14 17:06:47,285508,False
3985669885,https://inaturalist-open-data.s3.amazonaws.com/photos/238897746/original.jpeg,3985669885,50c9509d-22c7-4a22-a47d-8c48425ef4a7,9237031,6950,797,9237031,Adult,32.547331,-85.423925,2022-10-21T21:11,0,50c9509d-22c7-4a22-a47d-8c48425ef4a7/3985669885.jpg,732,593,2025-03-14 17:06:55,106464,False
3985612899,https://inaturalist-open-data.s3.amazonaws.com/photos/237760592/original.jpeg,3985612899,50c9509d-22c7-4a22-a47d-8c48425ef4a7,9237031,6950,797,9237031,Adult,30.734872,-87.906838,2022-10-06T20:44,0,50c9509d-22c7-4a22-a47d-8c48425ef4a7/3985612899.jpg,1280,851,2025-03-14 17:06:55,334684,False
3923262686,https://inaturalist-open-data.s3.amazonaws.com/photos/230918851/original.jpeg,3923262686,50c9509d-22c7-4a22-a47d-8c48425ef4a7,9237031,6950,797,9237031,Adult,32.54736,-85.423922,2022-09-16T21:11,0,50c9509d-22c7-4a22-a47d-8c48425ef4a7/3923262686.jpg,846,513,2025-03-14 17:07:02,118193,False
3892313641,https://inaturalist-open-data.s3.amazonaws.com/photos/221497589/original.jpeg,3892313641,50c9509d-22c7-4a22-a47d-8c48425ef4a7,9237031,6950,797,9237031,Adult,38.763336,-83.461704,2015-06-12T23:42,0,50c9509d-22c7-4a22-a47d-8c48425ef4a7/3892313641.jpg,2048,1536,2025-03-14 17:07:09,2917444,False
3873620769,https://inaturalist-open-data.s3.amazonaws.com/photos/211942440/original.jpg,3873620769,50c9509d-22c7-4a22-a47d-8c48425ef4a7,9237031,6950,797,9237031,Adult,32.33873,-86.770728,2022-07-02T22:10:25,0,50c9509d-22c7-4a22-a47d-8c48425ef4a7/3873620769.jpg,1536,2048,2025-03-14 17:07:06,717772,False
3860661040,https://inaturalist-open-data.s3.amazonaws.com/photos/209164260/original.jpeg,3860661040,50c9509d-22c7-4a22-a47d-8c48425ef4a7,9237031,6950,797,9237031,Adult,32.58551,-81.416877,2022-06-25T22:24,0,50c9509d-22c7-4a22-a47d-8c48425ef4a7/3860661040.jpg,2048,973,2025-03-14 17:06:59,280025,False
3858966577,https://inaturalist-open-data.s3.amazonaws.com/photos/207891407/original.jpeg,3858966577,50c9509d-22c7-4a22-a47d-8c48425ef4a7,9237031,6950,797,9237031,Adult,35.76719,-90.704761,2022-06-20T22:21,0,50c9509d-22c7-4a22-a47d-8c48425ef4a7/3858966577.jpg,2048,1365,2025-03-14 17:07:00,1284328,False
3858664315,https://inaturalist-open-data.s3.amazonaws.com/photos/201146248/original.jpeg,3858664315,50c9509d-22c7-4a22-a47d-8c48425ef4a7,1976364,6950,797,1976364,,5.069457,-74.380305,2022-05-27T22:14:36,0,50c9509d-22c7-4a22-a47d-8c48425ef4a7/3858664315.jpg,1335,1780,2025-03-14 17:06:39,1535463,False
3764535429,https://inaturalist-open-data.s3.amazonaws.com/photos/185079936/original.jpeg,3764535429,50c9509d-22c7-4a22-a47d-8c48425ef4a7,1811258,4532185,797,1811258,Adult,19.008343,-98.115255,2020-09-14T19:37,0,50c9509d-22c7-4a22-a47d-8c48425ef4a7/3764535429.jpg,1150,1214,2025-03-14 17:06:39,199256,False
3764535429,https://inaturalist-open-data.s3.amazonaws.com/photos/185081084/original.jpeg,3764535429,50c9509d-22c7-4a22-a47d-8c48425ef4a7,1811258,4532185,797,1811258,Adult,19.008343,-98.115255,2020-09-14T19:37,1,50c9509d-22c7-4a22-a47d-8c48425ef4a7/3764535429_1.jpg,1188,941,2025-03-14 17:06:41,213556,False
3764388407,https://inaturalist-open-data.s3.amazonaws.com/photos/186186272/original.jpeg,3764388407,50c9509d-22c7-4a22-a47d-8c48425ef4a7,1811258,4532185,797,1811258,Adult,19.007982,-98.114911,2021-06-15T23:39,0,50c9509d-22c7-4a22-a47d-8c48425ef4a7/3764388407.jpg,1641,1672,2025-03-14 17:06:43,346009,False
3764388407,https://inaturalist-open-data.s3.amazonaws.com/photos/186185908/original.jpeg,3764388407,50c9509d-22c7-4a22-a47d-8c48425ef4a7,1811258,4532185,797,1811258,Adult,19.007982,-98.114911,2021-06-15T23:39,1,50c9509d-22c7-4a22-a47d-8c48425ef4a7/3764388407_1.jpg,1598,1870,2025-03-14 17:06:44,428071,False
3764388407,https://inaturalist-open-data.s3.amazonaws.com/photos/186186271/original.jpeg,3764388407,50c9509d-22c7-4a22-a47d-8c48425ef4a7,1811258,4532185,797,1811258,Adult,19.007982,-98.114911,2021-06-15T23:39,2,50c9509d-22c7-4a22-a47d-8c48425ef4a7/3764388407_2.jpg,1747,2022,2025-03-14 17:06:31,431378,False
3743351422,https://inaturalist-open-data.s3.amazonaws.com/photos/167783878/original.jpg,3743351422,50c9509d-22c7-4a22-a47d-8c48425ef4a7,1811258,4532185,797,1811258,,9.466222,-83.589263,2020-02-24T22:54,0,50c9509d-22c7-4a22-a47d-8c48425ef4a7/3743351422.jpg,2048,1365,2025-03-14 17:06:33,1932815,False
3712592128,https://inaturalist-open-data.s3.amazonaws.com/photos/182286195/original.jpeg,3712592128,50c9509d-22c7-4a22-a47d-8c48425ef4a7,9237031,6950,797,9237031,Adult,29.668538,-82.238763,2022-02-25,0,50c9509d-22c7-4a22-a47d-8c48425ef4a7/3712592128.jpg,1967,1729,2025-03-14 17:06:46,770143,False
3712468729,https://inaturalist-open-data.s3.amazonaws.com/photos/182335235/original.jpeg,3712468729,50c9509d-22c7-4a22-a47d-8c48425ef4a7,9237031,6950,797,9237031,Adult,29.668592,-82.238936,2022-02-27,0,50c9509d-22c7-4a22-a47d-8c48425ef4a7/3712468729.jpg,2048,1923,2025-03-14 17:07:03,671959,False
3705762347,https://inaturalist-open-data.s3.amazonaws.com/photos/95077826/original.jpeg,3705762347,50c9509d-22c7-4a22-a47d-8c48425ef4a7,1811258,4532185,797,1811258,,9.637376,-83.911054,2008-12-27T06:13,0,50c9509d-22c7-4a22-a47d-8c48425ef4a7/3705762347.jpg,2048,1365,2025-03-14 17:06:35,1194234,False
3705698349,https://inaturalist-open-data.s3.amazonaws.com/photos/95077833/original.jpeg,3705698349,50c9509d-22c7-4a22-a47d-8c48425ef4a7,1811258,4532185,797,1811258,,9.637376,-83.911054,2008-12-29T04:29,0,50c9509d-22c7-4a22-a47d-8c48425ef4a7/3705698349.jpg,2048,1365,2025-03-14 17:06:36,1050686,False
3705695346,https://inaturalist-open-data.s3.amazonaws.com/photos/95077895/original.jpeg,3705695346,50c9509d-22c7-4a22-a47d-8c48425ef4a7,1811258,4532185,797,1811258,,10.306236,-84.830149,2018-05-02T15:03,0,50c9509d-22c7-4a22-a47d-8c48425ef4a7/3705695346.jpg,2048,1365,2025-03-14 17:06:42,989032,False
3705650346,https://inaturalist-open-data.s3.amazonaws.com/photos/95077860/original.jpeg,3705650346,50c9509d-22c7-4a22-a47d-8c48425ef4a7,1811258,4532185,797,1811258,,9.637376,-83.911054,2008-12-29T06:15,0,50c9509d-22c7-4a22-a47d-8c48425ef4a7/3705650346.jpg,2048,1365,2025-03-14 17:06:45,1577042,False
3705650346,https://inaturalist-open-data.s3.amazonaws.com/photos/95077869/original.jpeg,3705650346,50c9509d-22c7-4a22-a47d-8c48425ef4a7,1811258,4532185,797,1811258,,9.637376,-83.911054,2008-12-29T06:15,1,50c9509d-22c7-4a22-a47d-8c48425ef4a7/3705650346_1.jpg,2048,1365,2025-03-14 17:06:47,1234312,False
3456963369,https://inaturalist-open-data.s3.amazonaws.com/photos/167678424/original.jpeg,3456963369,50c9509d-22c7-4a22-a47d-8c48425ef4a7,1811258,4532185,797,1811258,,10.016633,-84.469629,2021-11-02T19:30:52,0,50c9509d-22c7-4a22-a47d-8c48425ef4a7/3456963369.jpg,2048,2048,2025-03-14 17:06:48,1382966,False
3456747118,https://inaturalist-open-data.s3.amazonaws.com/photos/176374072/original.jpeg,3456747118,50c9509d-22c7-4a22-a47d-8c48425ef4a7,9237031,6950,797,9237031,Adult,20.513787,-97.46192,2022-01-18T07:42:29,4,50c9509d-22c7-4a22-a47d-8c48425ef4a7/3456747118_4.jpg,2048,1536,2025-03-14 17:07:04,1635996,False
3456612339,https://inaturalist-open-data.s3.amazonaws.com/photos/162997051/original.jpeg,3456612339,50c9509d-22c7-4a22-a47d-8c48425ef4a7,1811258,4532185,797,1811258,,9.565252,-83.801707,2020-01-26T20:18,0,50c9509d-22c7-4a22-a47d-8c48425ef4a7/3456612339.jpg,1536,2048,2025-03-14 17:06:50,383245,False
3456612339,https://inaturalist-open-data.s3.amazonaws.com/photos/162997143/original.jpeg,3456612339,50c9509d-22c7-4a22-a47d-8c48425ef4a7,1811258,4532185,797,1811258,,9.565252,-83.801707,2020-01-26T20:18,1,50c9509d-22c7-4a22-a47d-8c48425ef4a7/3456612339_1.jpg,1377,1033,2025-03-14 17:06:31,110499,False
3456205902,https://inaturalist-open-data.s3.amazonaws.com/photos/116270990/original.jpeg,3456205902,50c9509d-22c7-4a22-a47d-8c48425ef4a7,1811258,4532185,797,1811258,Adult,10.016651,-84.469601,2021-03-16T19:25:23,0,50c9509d-22c7-4a22-a47d-8c48425ef4a7/3456205902.jpg,1598,1598,2025-03-14 17:06:32,558591,False
3456165726,https://inaturalist-open-data.s3.amazonaws.com/photos/99561489/original.jpeg,3456165726,50c9509d-22c7-4a22-a47d-8c48425ef4a7,1811258,4532185,797,1811258,Adult,10.016719,-84.469709,2020-10-09T18:27:23,0,50c9509d-22c7-4a22-a47d-8c48425ef4a7/3456165726.jpg,2048,2048,2025-03-14 17:06:39,1301107,False
3456165726,https://inaturalist-open-data.s3.amazonaws.com/photos/99561456/original.jpeg,3456165726,50c9509d-22c7-4a22-a47d-8c48425ef4a7,1811258,4532185,797,1811258,Adult,10.016719,-84.469709,2020-10-09T18:27:23,1,50c9509d-22c7-4a22-a47d-8c48425ef4a7/3456165726_1.jpg,2048,2048,2025-03-14 17:06:40,1331830,False
3456165726,https://inaturalist-open-data.s3.amazonaws.com/photos/99561399/original.jpeg,3456165726,50c9509d-22c7-4a22-a47d-8c48425ef4a7,1811258,4532185,797,1811258,Adult,10.016719,-84.469709,2020-10-09T18:27:23,2,50c9509d-22c7-4a22-a47d-8c48425ef4a7/3456165726_2.jpg,2048,2048,2025-03-14 17:06:43,1294241,False
3456165726,https://inaturalist-open-data.s3.amazonaws.com/photos/99561430/original.jpeg,3456165726,50c9509d-22c7-4a22-a47d-8c48425ef4a7,1811258,4532185,797,1811258,Adult,10.016719,-84.469709,2020-10-09T18:27:23,3,50c9509d-22c7-4a22-a47d-8c48425ef4a7/3456165726_3.jpg,2048,2048,2025-03-14 17:06:45,1304259,False
3456146637,https://inaturalist-open-data.s3.amazonaws.com/photos/58525516/original.jpeg,3456146637,50c9509d-22c7-4a22-a47d-8c48425ef4a7,1811258,4532185,797,1811258,,10.71366,-85.041376,2019-11-29T21:05,0,50c9509d-22c7-4a22-a47d-8c48425ef4a7/3456146637.jpg,2048,2048,2025-03-14 17:06:46,633610,False
3456044888,https://inaturalist-open-data.s3.amazonaws.com/photos/106611548/original.jpeg,3456044888,50c9509d-22c7-4a22-a47d-8c48425ef4a7,1811258,4532185,797,1811258,Adult,10.016652,-84.469688,2020-12-05T18:39:24,0,50c9509d-22c7-4a22-a47d-8c48425ef4a7/3456044888.jpg,1770,1770,2025-03-14 17:06:47,597497,False
3456044888,https://inaturalist-open-data.s3.amazonaws.com/photos/106611583/original.jpeg,3456044888,50c9509d-22c7-4a22-a47d-8c48425ef4a7,1811258,4532185,797,1811258,Adult,10.016652,-84.469688,2020-12-05T18:39:24,1,50c9509d-22c7-4a22-a47d-8c48425ef4a7/3456044888_1.jpg,2048,2048,2025-03-14 17:06:50,1287293,False
3455377753,https://inaturalist-open-data.s3.amazonaws.com/photos/57454702/original.jpeg,3455377753,50c9509d-22c7-4a22-a47d-8c48425ef4a7,1811258,4532185,797,1811258,,10.309735,-84.819469,2019-11-23T21:09,0,50c9509d-22c7-4a22-a47d-8c48425ef4a7/3455377753.jpg,1675,1675,2025-03-14 17:06:31,425649,False
3455265473,https://inaturalist-open-data.s3.amazonaws.com/photos/43620529/original.jpeg,3455265473,50c9509d-22c7-4a22-a47d-8c48425ef4a7,1811258,4532185,797,1811258,Adult,8.785725,-82.959577,2019-06-24T21:23,0,50c9509d-22c7-4a22-a47d-8c48425ef4a7/3455265473.jpg,1600,1200,2025-03-14 17:06:33,684753,False
3455265473,https://inaturalist-open-data.s3.amazonaws.com/photos/43620527/original.jpeg,3455265473,50c9509d-22c7-4a22-a47d-8c48425ef4a7,1811258,4532185,797,1811258,Adult,8.785725,-82.959577,2019-06-24T21:23,1,50c9509d-22c7-4a22-a47d-8c48425ef4a7/3455265473_1.jpg,1024,768,2025-03-14 17:06:34,296959,False
3455257638,https://inaturalist-open-data.s3.amazonaws.com/photos/57755263/original.jpeg,3455257638,50c9509d-22c7-4a22-a47d-8c48425ef4a7,1811258,4532185,797,1811258,,10.309416,-84.818842,2019-11-25T20:56,0,50c9509d-22c7-4a22-a47d-8c48425ef4a7/3455257638.jpg,2048,2048,2025-03-14 17:06:35,376084,False
3455240899,https://inaturalist-open-data.s3.amazonaws.com/photos/77232651/original.jpeg,3455240899,50c9509d-22c7-4a22-a47d-8c48425ef4a7,1811258,4532185,797,1811258,Adult,10.016592,-84.469717,2020-06-05T19:35:11,0,50c9509d-22c7-4a22-a47d-8c48425ef4a7/3455240899.jpg,2048,2048,2025-03-14 17:06:37,1394934,False
3455240899,https://inaturalist-open-data.s3.amazonaws.com/photos/77232833/original.jpeg,3455240899,50c9509d-22c7-4a22-a47d-8c48425ef4a7,1811258,4532185,797,1811258,Adult,10.016592,-84.469717,2020-06-05T19:35:11,1,50c9509d-22c7-4a22-a47d-8c48425ef4a7/3455240899_1.jpg,2048,2048,2025-03-14 17:06:39,1431727,False
3455240899,https://inaturalist-open-data.s3.amazonaws.com/photos/77232745/original.jpeg,3455240899,50c9509d-22c7-4a22-a47d-8c48425ef4a7,1811258,4532185,797,1811258,Adult,10.016592,-84.469717,2020-06-05T19:35:11,2,50c9509d-22c7-4a22-a47d-8c48425ef4a7/3455240899_2.jpg,2048,2048,2025-03-14 17:06:40,1381000,False
3455229905,https://inaturalist-open-data.s3.amazonaws.com/photos/119472651/original.jpeg,3455229905,50c9509d-22c7-4a22-a47d-8c48425ef4a7,1811258,4532185,797,1811258,Adult,10.01665,-84.469585,2021-04-06T00:45:25,0,50c9509d-22c7-4a22-a47d-8c48425ef4a7/3455229905.jpg,1551,1551,2025-03-14 17:06:42,873220,False
3455202363,https://inaturalist-open-data.s3.amazonaws.com/photos/6714901/original.jpeg,3455202363,50c9509d-22c7-4a22-a47d-8c48425ef4a7,1811258,4532185,797,1811258,,8.785333,-82.959266,2017-03-09T22:48,0,50c9509d-22c7-4a22-a47d-8c48425ef4a7/3455202363.jpg,1392,1856,2025-03-14 17:06:44,1693156,False
3455194830,https://inaturalist-open-data.s3.amazonaws.com/photos/74645812/original.jpeg,3455194830,50c9509d-22c7-4a22-a47d-8c48425ef4a7,1811258,4532185,797,1811258,Adult,10.016645,-84.469651,2020-05-23T19:44:46,0,50c9509d-22c7-4a22-a47d-8c48425ef4a7/3455194830.jpg,2048,2048,2025-03-14 17:06:32,1343885,False
3455194830,https://inaturalist-open-data.s3.amazonaws.com/photos/74645686/original.jpeg,3455194830,50c9509d-22c7-4a22-a47d-8c48425ef4a7,1811258,4532185,797,1811258,Adult,10.016645,-84.469651,2020-05-23T19:44:46,1,50c9509d-22c7-4a22-a47d-8c48425ef4a7/3455194830_1.jpg,1478,1847,2025-03-14 17:06:33,458434,False
3455194830,https://inaturalist-open-data.s3.amazonaws.com/photos/74645727/original.jpeg,3455194830,50c9509d-22c7-4a22-a47d-8c48425ef4a7,1811258,4532185,797,1811258,Adult,10.016645,-84.469651,2020-05-23T19:44:46,2,50c9509d-22c7-4a22-a47d-8c48425ef4a7/3455194830_2.jpg,2048,2048,2025-03-14 17:06:35,1417466,False
3455194830,https://inaturalist-open-data.s3.amazonaws.com/photos/74645831/original.jpeg,3455194830,50c9509d-22c7-4a22-a47d-8c48425ef4a7,1811258,4532185,797,1811258,Adult,10.016645,-84.469651,2020-05-23T19:44:46,3,50c9509d-22c7-4a22-a47d-8c48425ef4a7/3455194830_3.jpg,1478,1847,2025-03-14 17:06:36,244295,False
3455194830,https://inaturalist-open-data.s3.amazonaws.com/photos/74645762/original.jpeg,3455194830,50c9509d-22c7-4a22-a47d-8c48425ef4a7,1811258,4532185,797,1811258,Adult,10.016645,-84.469651,2020-05-23T19:44:46,4,50c9509d-22c7-4a22-a47d-8c48425ef4a7/3455194830_4.jpg,2048,2048,2025-03-14 17:06:37,1370464,False
3384848548,https://inaturalist-open-data.s3.amazonaws.com/photos/158522208/original.jpeg,3384848548,50c9509d-22c7-4a22-a47d-8c48425ef4a7,9237031,6950,797,9237031,Adult,35.190338,-97.271873,2021-09-15T20:33,0,50c9509d-22c7-4a22-a47d-8c48425ef4a7/3384848548.jpg,2048,1543,2025-03-14 17:06:51,548369,False
3343925989,https://inaturalist-open-data.s3.amazonaws.com/photos/152445138/original.jpeg,3343925989,50c9509d-22c7-4a22-a47d-8c48425ef4a7,9237031,6950,797,9237031,Adult,40.329841,-81.240206,2021-08-21T06:16Z,0,50c9509d-22c7-4a22-a47d-8c48425ef4a7/3343925989.jpg,2048,1536,2025-03-14 17:06:54,858890,False
3307428351,https://inaturalist-open-data.s3.amazonaws.com/photos/86155237/original.jpeg,3307428351,50c9509d-22c7-4a22-a47d-8c48425ef4a7,9237031,6950,797,9237031,Adult,34.132806,-94.68026,2020-07-18T23:14,0,50c9509d-22c7-4a22-a47d-8c48425ef4a7/3307428351.jpg,1061,1061,2025-03-14 17:06:51,276888,False
3307139342,https://inaturalist-open-data.s3.amazonaws.com/photos/86261995/original.jpg,3307139342,50c9509d-22c7-4a22-a47d-8c48425ef4a7,9237031,6950,797,9237031,Adult,36.003372,-95.628128,2020-07-21T22:06:53Z,1,50c9509d-22c7-4a22-a47d-8c48425ef4a7/3307139342_1.jpg,1536,2048,2025-03-14 17:06:52,968421,False
3124499430,https://inaturalist-open-data.s3.amazonaws.com/photos/123458414/original.jpeg,3124499430,50c9509d-22c7-4a22-a47d-8c48425ef4a7,9237031,6950,797,9237031,Adult,32.849163,-83.888606,2021-04-26T06:26,0,50c9509d-22c7-4a22-a47d-8c48425ef4a7/3124499430.jpg,1643,807,2025-03-14 17:07:07,337129,False
3112334814,https://inaturalist-open-data.s3.amazonaws.com/photos/124405992/original.jpeg,3112334814,50c9509d-22c7-4a22-a47d-8c48425ef4a7,9237031,6950,797,9237031,Adult,29.668527,-82.238801,2021-04-10,0,50c9509d-22c7-4a22-a47d-8c48425ef4a7/3112334814.jpg,1694,1492,2025-03-14 17:07:08,665715,False
3079803691,https://inaturalist-open-data.s3.amazonaws.com/photos/57324698/original.jpg,3079803691,50c9509d-22c7-4a22-a47d-8c48425ef4a7,9237031,6950,797,9237031,Adult,29.748605,-82.103417,2019-12-01T21:04:35,0,50c9509d-22c7-4a22-a47d-8c48425ef4a7/3079803691.jpg,1173,881,2025-03-14 17:06:50,331750,False
3070589736,https://inaturalist-open-data.s3.amazonaws.com/photos/57707196/original.jpeg,3070589736,50c9509d-22c7-4a22-a47d-8c48425ef4a7,9237031,6950,797,9237031,Adult,27.511196,-81.023208,2013-03-18,0,50c9509d-22c7-4a22-a47d-8c48425ef4a7/3070589736.jpg,2048,1130,2025-03-14 17:07:06,531653,False
3067896137,https://inaturalist-open-data.s3.amazonaws.com/photos/86053630/original.jpg,3067896137,50c9509d-22c7-4a22-a47d-8c48425ef4a7,9237031,6950,797,9237031,Adult,35.190337,-97.272038,2020-07-21T22:58:12,0,50c9509d-22c7-4a22-a47d-8c48425ef4a7/3067896137.jpg,450,300,2025-03-14 17:06:59,84991,False
3061766459,https://inaturalist-open-data.s3.amazonaws.com/photos/90386137/original.jpg,3061766459,50c9509d-22c7-4a22-a47d-8c48425ef4a7,9237031,6950,797,9237031,Adult,38.933653,-80.794201,2020-08-16T22:41:27,0,50c9509d-22c7-4a22-a47d-8c48425ef4a7/3061766459.jpg,1536,2048,2025-03-14 17:06:50,601443,False
3058996000,https://inaturalist-open-data.s3.amazonaws.com/photos/114886795/original.jpg,3058996000,50c9509d-22c7-4a22-a47d-8c48425ef4a7,9237031,6950,797,9237031,Adult,29.748305,-82.103317,2021-03-05T19:49:08,0,50c9509d-22c7-4a22-a47d-8c48425ef4a7/3058996000.jpg,1290,1053,2025-03-14 17:07:05,381148,False
3044823595,https://inaturalist-open-data.s3.amazonaws.com/photos/113320552/original.jpeg,3044823595,50c9509d-22c7-4a22-a47d-8c48425ef4a7,9237031,6950,797,9237031,Adult,32.849163,-83.888606,2020-10-13T06:32,0,50c9509d-22c7-4a22-a47d-8c48425ef4a7/3044823595.jpg,1470,664,2025-03-14 17:06:47,169017,False
3044646460,https://inaturalist-open-data.s3.amazonaws.com/photos/57909241/original.jpeg,3044646460,50c9509d-22c7-4a22-a47d-8c48425ef4a7,9237031,6950,797,9237031,Adult,29.821995,-94.664451,2019-10-03,0,50c9509d-22c7-4a22-a47d-8c48425ef4a7/3044646460.jpg,2048,1006,2025-03-14 17:06:46,699637,False
3039188676,https://inaturalist-open-data.s3.amazonaws.com/photos/93354257/original.jpg,3039188676,50c9509d-22c7-4a22-a47d-8c48425ef4a7,9237031,6950,797,9237031,Adult,39.035638,-90.929664,2017-09-17T00:00,0,50c9509d-22c7-4a22-a47d-8c48425ef4a7/3039188676.jpg,1979,1359,2025-03-14 17:06:51,1088307,False
3039145459,https://inaturalist-open-data.s3.amazonaws.com/photos/54399820/original.jpeg,3039145459,50c9509d-22c7-4a22-a47d-8c48425ef4a7,9237031,6950,797,9237031,Adult,29.668214,-82.238533,2017-09-26,0,50c9509d-22c7-4a22-a47d-8c48425ef4a7/3039145459.jpg,1771,1186,2025-03-14 17:07:02,635396,False
3031744497,https://inaturalist-open-data.s3.amazonaws.com/photos/110924396/original.jpeg,3031744497,50c9509d-22c7-4a22-a47d-8c48425ef4a7,9237031,6950,797,9237031,Adult,32.849163,-83.888606,2020-09-19T04:46,0,50c9509d-22c7-4a22-a47d-8c48425ef4a7/3031744497.jpg,1561,1023,2025-03-14 17:06:50,235147,False
3031652877,https://inaturalist-open-data.s3.amazonaws.com/photos/89699184/original.jpeg,3031652877,50c9509d-22c7-4a22-a47d-8c48425ef4a7,1976364,6950,797,1976364,,-1.617471,-77.840187,2020-07-25T03:54:52,0,50c9509d-22c7-4a22-a47d-8c48425ef4a7/3031652877.jpg,1341,760,2025-03-14 17:06:39,495361,False
3031652877,https://inaturalist-open-data.s3.amazonaws.com/photos/89471519/original.jpeg,3031652877,50c9509d-22c7-4a22-a47d-8c48425ef4a7,1976364,6950,797,1976364,,-1.617471,-77.840187,2020-07-25T03:54:52,1,50c9509d-22c7-4a22-a47d-8c48425ef4a7/3031652877_1.jpg,1380,853,2025-03-14 17:06:40,674954,False
3031589468,https://inaturalist-open-data.s3.amazonaws.com/photos/44992259/original.jpg,3031589468,50c9509d-22c7-4a22-a47d-8c48425ef4a7,1976364,6950,797,1976364,Adult,-13.072464,-71.421272,2019-07-08T19:39:36,0,50c9509d-22c7-4a22-a47d-8c48425ef4a7/3031589468.jpg,1680,1680,2025-03-14 17:06:42,1240090,False
3031589468,https://inaturalist-open-data.s3.amazonaws.com/photos/109628453/original.jpeg,3031589468,50c9509d-22c7-4a22-a47d-8c48425ef4a7,1976364,6950,797,1976364,Adult,-13.072464,-71.421272,2019-07-08T19:39:36,1,50c9509d-22c7-4a22-a47d-8c48425ef4a7/3031589468_1.jpg,1800,1200,2025-03-14 17:06:44,827335,False
2979653387,http://www.boldsystems.org/pics/BLPAA/19-SRNP-103465-DHJ712624+1683644162.JPG,2979653387,040c5662-da76-4782-a48e-cdea1892d14c,1811258,4532185,797,10000906,Adult,10.997,-85.457,2019-08-29,0,040c5662-da76-4782-a48e-cdea1892d14c/2979653387.jpg,640,343,2025-03-14 17:07:24,57601,False
2979604293,http://www.boldsystems.org/pics/BLPAA/18-SRNP-107102-DHJ708189+1683302042.JPG,2979604293,040c5662-da76-4782-a48e-cdea1892d14c,1811258,4532185,797,10000906,Adult,10.92691,-85.46822,2018-10-11,0,040c5662-da76-4782-a48e-cdea1892d14c/2979604293.jpg,640,282,2025-03-14 17:07:26,62231,False
2979482421,http://www.boldsystems.org/pics/BLPAA/19-SRNP-102034-DHJ711193+1683644048.JPG,2979482421,040c5662-da76-4782-a48e-cdea1892d14c,1811258,4532185,797,10000906,Adult,10.455,-85.307,2019-06-05,0,040c5662-da76-4782-a48e-cdea1892d14c/2979482421.jpg,640,302,2025-03-14 17:07:10,71007,False
2901556710,https://inaturalist-open-data.s3.amazonaws.com/photos/100601165/original.jpeg,2901556710,50c9509d-22c7-4a22-a47d-8c48425ef4a7,9237031,6950,797,9237031,Adult,32.57424,-85.945071,2020-10-16T20:33:16,0,50c9509d-22c7-4a22-a47d-8c48425ef4a7/2901556710.jpg,1087,1043,2025-03-14 17:06:57,689601,False
2898395414,https://inaturalist-open-data.s3.amazonaws.com/photos/81719657/original.jpg,2898395414,50c9509d-22c7-4a22-a47d-8c48425ef4a7,1811258,4532185,797,1811258,Adult,6.977438,-75.295808,2020-06-25T12:00,0,50c9509d-22c7-4a22-a47d-8c48425ef4a7/2898395414.jpg,2048,2000,2025-03-14 17:06:31,708350,False
2883082556,https://inaturalist-open-data.s3.amazonaws.com/photos/98572714/original.jpg,2883082556,50c9509d-22c7-4a22-a47d-8c48425ef4a7,9237031,6950,797,9237031,Adult,30.994268,-91.364469,2020-10-03T07:18,0,50c9509d-22c7-4a22-a47d-8c48425ef4a7/2883082556.jpg,1207,651,2025-03-14 17:06:46,455156,False
2823186449,https://inaturalist-open-data.s3.amazonaws.com/photos/85805580/original.jpg,2823186449,50c9509d-22c7-4a22-a47d-8c48425ef4a7,9237031,6950,797,9237031,Adult,32.661247,-87.314872,2020-07-22T05:04:40,0,50c9509d-22c7-4a22-a47d-8c48425ef4a7/2823186449.jpg,1536,2048,2025-03-14 17:06:59,983341,False
2818585278,https://inaturalist-open-data.s3.amazonaws.com/photos/84411328/original.jpeg,2818585278,50c9509d-22c7-4a22-a47d-8c48425ef4a7,9237031,6950,797,9237031,Adult,25.618277,-100.359886,2020-07-14T09:22:51,1,50c9509d-22c7-4a22-a47d-8c48425ef4a7/2818585278_1.jpg,1536,2048,2025-03-14 17:06:48,1244952,False
2816209621,https://ecdysis.org/imglib/ecdysis/ASU_ASUHIC/ASUHIC0109/ASUHIC0109029_habitus_dorsal_1576621549_lg.jpg,2816209621,750b7bfc-3577-4b26-8aaf-3e4be9f0d639,1976364,6950,797,1976364,Adult,8.861111,-82.74333,2013-02-14,0,750b7bfc-3577-4b26-8aaf-3e4be9f0d639/2816209621.jpg,3200,2133,2025-03-14 17:06:33,472925,False
2633843570,http://www.boldsystems.org/pics/BLPAA/17-SRNP-106533-DHJ699512+1528306114.JPG,2633843570,040c5662-da76-4782-a48e-cdea1892d14c,1811258,4532185,797,10000906,Adult,10.82875,-85.40298,2017-10-19,0,040c5662-da76-4782-a48e-cdea1892d14c/2633843570.jpg,640,307,2025-03-14 17:07:19,77574,False
2633842564,http://www.boldsystems.org/pics/BLPAA/17-SRNP-105710-DHJ698689+1528306074.JPG,2633842564,040c5662-da76-4782-a48e-cdea1892d14c,1811258,4532185,797,10000906,Adult,10.82875,-85.40298,2017-09-19,0,040c5662-da76-4782-a48e-cdea1892d14c/2633842564.jpg,640,342,2025-03-14 17:07:18,76161,False
2633837486,http://www.boldsystems.org/pics/BLPAA/17-SRNP-105711-DHJ698690+1528306074.JPG,2633837486,040c5662-da76-4782-a48e-cdea1892d14c,1811258,4532185,797,10000906,Adult,10.82875,-85.40298,2017-09-19,0,040c5662-da76-4782-a48e-cdea1892d14c/2633837486.jpg,639,329,2025-03-14 17:07:14,77582,False
2633765675,http://www.boldsystems.org/pics/BLPDV/18-SRNP-100687-DHJ701774+1551716472.JPG,2633765675,040c5662-da76-4782-a48e-cdea1892d14c,1811258,4532185,797,10000906,Adult,10.99689,-85.45679,2018-02-13,0,040c5662-da76-4782-a48e-cdea1892d14c/2633765675.jpg,639,347,2025-03-14 17:07:08,67780,False
2633756514,http://www.boldsystems.org/pics/BLPAA/17-SRNP-105963-DHJ698942+1528306076.JPG,2633756514,040c5662-da76-4782-a48e-cdea1892d14c,1811258,4532185,797,10000906,Adult,10.82875,-85.40298,2017-09-20,0,040c5662-da76-4782-a48e-cdea1892d14c/2633756514.jpg,640,333,2025-03-14 17:07:33,79821,False
2633751636,http://www.boldsystems.org/pics/BLPAA/17-SRNP-106534-DHJ699513+1528306114.JPG,2633751636,040c5662-da76-4782-a48e-cdea1892d14c,1811258,4532185,797,10000906,Adult,10.82875,-85.40298,2017-10-19,0,040c5662-da76-4782-a48e-cdea1892d14c/2633751636.jpg,639,297,2025-03-14 17:07:31,75705,False
2633748477,http://www.boldsystems.org/pics/BLPAA/17-SRNP-106290-DHJ699269+1528306114.JPG,2633748477,040c5662-da76-4782-a48e-cdea1892d14c,1811258,4532185,797,10000906,Adult,10.82875,-85.40298,2017-10-18,0,040c5662-da76-4782-a48e-cdea1892d14c/2633748477.jpg,640,256,2025-03-14 17:07:21,73789,False
2633617594,http://www.boldsystems.org/pics/BLPDF/18-SRNP-104941-DHJ706028+1683302722.JPG,2633617594,040c5662-da76-4782-a48e-cdea1892d14c,1811258,4532185,797,10000906,Adult,10.99689,-85.45679,2018-08-08,0,040c5662-da76-4782-a48e-cdea1892d14c/2633617594.jpg,640,316,2025-03-14 17:07:28,63442,False
2633601523,http://www.boldsystems.org/pics/BLPDF/18-SRNP-106119-DHJ707206+1683302862.JPG,2633601523,040c5662-da76-4782-a48e-cdea1892d14c,1811258,4532185,797,10000906,Adult,10.99689,-85.45679,2018-10-08,0,040c5662-da76-4782-a48e-cdea1892d14c/2633601523.jpg,639,350,2025-03-14 17:07:22,61711,False
2633599567,http://www.boldsystems.org/pics/BLPDF/18-SRNP-106487-DHJ707574+1683302910.JPG,2633599567,040c5662-da76-4782-a48e-cdea1892d14c,1811258,4532185,797,10000906,Adult,10.92691,-85.46822,2018-10-10,0,040c5662-da76-4782-a48e-cdea1892d14c/2633599567.jpg,640,289,2025-03-14 17:07:24,60626,False
2633597634,http://www.boldsystems.org/pics/BLPDV/18-SRNP-100685-DHJ701772+1683301698.JPG,2633597634,040c5662-da76-4782-a48e-cdea1892d14c,1811258,4532185,797,10000906,Adult,10.99689,-85.45679,2018-02-13,0,040c5662-da76-4782-a48e-cdea1892d14c/2633597634.jpg,639,323,2025-03-14 17:07:37,69221,False
2633597634,http://www.boldsystems.org/pics/BLPDV/18-SRNP-100685-DHJ701772+1551716472.JPG,2633597634,040c5662-da76-4782-a48e-cdea1892d14c,1811258,4532185,797,10000906,Adult,10.99689,-85.45679,2018-02-13,1,040c5662-da76-4782-a48e-cdea1892d14c/2633597634_1.jpg,639,323,2025-03-14 17:07:15,69221,False
2633588489,http://www.boldsystems.org/pics/BLPDF/18-SRNP-103706-DHJ704793+1683301920.JPG,2633588489,040c5662-da76-4782-a48e-cdea1892d14c,1811258,4532185,797,10000906,Adult,10.99689,-85.45679,2018-06-12,0,040c5662-da76-4782-a48e-cdea1892d14c/2633588489.jpg,640,323,2025-03-14 17:07:14,64117,False
2633583591,http://www.boldsystems.org/pics/BLPDF/18-SRNP-104939-DHJ706026+1683302722.JPG,2633583591,040c5662-da76-4782-a48e-cdea1892d14c,1811258,4532185,797,10000906,Adult,10.99689,-85.45679,2018-08-08,0,040c5662-da76-4782-a48e-cdea1892d14c/2633583591.jpg,640,300,2025-03-14 17:07:30,62787,False
2633581604,http://www.boldsystems.org/pics/BLPDF/18-SRNP-103705-DHJ704792+1683301920.JPG,2633581604,040c5662-da76-4782-a48e-cdea1892d14c,1811258,4532185,797,10000906,Adult,10.99689,-85.45679,2018-06-12,0,040c5662-da76-4782-a48e-cdea1892d14c/2633581604.jpg,639,304,2025-03-14 17:07:27,65076,False
2633580641,http://www.boldsystems.org/pics/BLPDV/18-SRNP-101691-DHJ702778+1551716562.JPG,2633580641,040c5662-da76-4782-a48e-cdea1892d14c,1811258,4532185,797,10000906,Adult,10.76631,-85.30099,2018-03-19,0,040c5662-da76-4782-a48e-cdea1892d14c/2633580641.jpg,640,302,2025-03-14 17:07:20,69432,False
2633580536,http://www.boldsystems.org/pics/BLPDF/18-SRNP-106492-DHJ707579+1683302910.JPG,2633580536,040c5662-da76-4782-a48e-cdea1892d14c,1811258,4532185,797,10000906,Adult,10.92691,-85.46822,2018-10-10,0,040c5662-da76-4782-a48e-cdea1892d14c/2633580536.jpg,639,349,2025-03-14 17:07:34,61141,False
2633575766,http://www.boldsystems.org/pics/BLPDV/18-SRNP-100851-DHJ701938+1551716510.JPG,2633575766,040c5662-da76-4782-a48e-cdea1892d14c,1811258,4532185,797,10000906,Adult,10.99689,-85.45679,2018-02-14,0,040c5662-da76-4782-a48e-cdea1892d14c/2633575766.jpg,640,277,2025-03-14 17:07:08,65152,False
2633575766,http://www.boldsystems.org/pics/BLPDV/18-SRNP-100851-DHJ701938+1683301706.JPG,2633575766,040c5662-da76-4782-a48e-cdea1892d14c,1811258,4532185,797,10000906,Adult,10.99689,-85.45679,2018-02-14,1,040c5662-da76-4782-a48e-cdea1892d14c/2633575766_1.jpg,640,277,2025-03-14 17:07:06,65152,False
2633575530,http://www.boldsystems.org/pics/BLPAA/17-SRNP-100836-DHJ693815+1528305778.JPG,2633575530,040c5662-da76-4782-a48e-cdea1892d14c,1811258,4532185,797,10000906,Adult,10.817721,-85.390465,2017-02-28,0,040c5662-da76-4782-a48e-cdea1892d14c/2633575530.jpg,639,301,2025-03-14 17:07:19,77977,False
2633397597,http://www.boldsystems.org/pics/BLPAA/17-SRNP-105712-DHJ698691+1528306074.JPG,2633397597,040c5662-da76-4782-a48e-cdea1892d14c,1811258,4532185,797,10000906,Adult,10.82875,-85.40298,2017-09-19,0,040c5662-da76-4782-a48e-cdea1892d14c/2633397597.jpg,640,367,2025-03-14 17:07:11,81368,False
2633303518,http://www.boldsystems.org/pics/BLPAA/17-SRNP-106674-DHJ699653+1528306116.JPG,2633303518,040c5662-da76-4782-a48e-cdea1892d14c,1811258,4532185,797,10000906,Adult,10.76631,-85.30099,2017-10-22,0,040c5662-da76-4782-a48e-cdea1892d14c/2633303518.jpg,639,327,2025-03-14 17:07:14,79724,False
2633228680,http://www.boldsystems.org/pics/BLPDV/18-SRNP-100688-DHJ701775+1683301698.JPG,2633228680,040c5662-da76-4782-a48e-cdea1892d14c,1811258,4532185,797,10000906,Adult,10.99689,-85.45679,2018-02-13,0,040c5662-da76-4782-a48e-cdea1892d14c/2633228680.jpg,640,321,2025-03-14 17:07:18,66158,False
2633228680,http://www.boldsystems.org/pics/BLPDV/18-SRNP-100688-DHJ701775+1551716472.JPG,2633228680,040c5662-da76-4782-a48e-cdea1892d14c,1811258,4532185,797,10000906,Adult,10.99689,-85.45679,2018-02-13,1,040c5662-da76-4782-a48e-cdea1892d14c/2633228680_1.jpg,640,321,2025-03-14 17:07:21,66158,False
2633222691,http://www.boldsystems.org/pics/BLPDF/18-SRNP-106327-DHJ707414+1683302898.JPG,2633222691,040c5662-da76-4782-a48e-cdea1892d14c,1811258,4532185,797,10000906,Adult,10.99689,-85.45679,2018-10-09,0,040c5662-da76-4782-a48e-cdea1892d14c/2633222691.jpg,640,306,2025-03-14 17:07:13,62777,False
2633165690,http://www.boldsystems.org/pics/BLPDV/18-SRNP-100686-DHJ701773+1683301698.JPG,2633165690,040c5662-da76-4782-a48e-cdea1892d14c,1811258,4532185,797,10000906,Adult,10.99689,-85.45679,2018-02-13,0,040c5662-da76-4782-a48e-cdea1892d14c/2633165690.jpg,640,338,2025-03-14 17:07:23,64777,False
2633157808,http://www.boldsystems.org/pics/BLPDV/18-SRNP-102182-DHJ703269+1551985544.JPG,2633157808,040c5662-da76-4782-a48e-cdea1892d14c,1811258,4532185,797,10000906,Adult,10.99689,-85.45679,2018-05-14,0,040c5662-da76-4782-a48e-cdea1892d14c/2633157808.jpg,640,341,2025-03-14 17:07:29,70522,False
2633149551,http://www.boldsystems.org/pics/BLPDF/18-SRNP-103707-DHJ704794+1683301920.JPG,2633149551,040c5662-da76-4782-a48e-cdea1892d14c,1811258,4532185,797,10000906,Adult,10.99689,-85.45679,2018-06-12,0,040c5662-da76-4782-a48e-cdea1892d14c/2633149551.jpg,640,297,2025-03-14 17:07:29,63994,False
2633144598,http://www.boldsystems.org/pics/BLPDF/18-SRNP-106118-DHJ707205+1683302862.JPG,2633144598,040c5662-da76-4782-a48e-cdea1892d14c,1811258,4532185,797,10000906,Adult,10.99689,-85.45679,2018-10-08,0,040c5662-da76-4782-a48e-cdea1892d14c/2633144598.jpg,640,375,2025-03-14 17:07:25,69510,False
2633143610,http://www.boldsystems.org/pics/BLPDF/18-SRNP-106116-DHJ707203+1683302862.JPG,2633143610,040c5662-da76-4782-a48e-cdea1892d14c,1811258,4532185,797,10000906,Adult,10.99689,-85.45679,2018-10-08,0,040c5662-da76-4782-a48e-cdea1892d14c/2633143610.jpg,639,325,2025-03-14 17:07:24,64172,False
2633137643,http://www.boldsystems.org/pics/BLPDF/18-SRNP-105477-DHJ706564+1683302784.JPG,2633137643,040c5662-da76-4782-a48e-cdea1892d14c,1811258,4532185,797,10000906,Adult,10.99689,-85.45679,2018-09-05,0,040c5662-da76-4782-a48e-cdea1892d14c/2633137643.jpg,639,286,2025-03-14 17:07:22,58980,False
2633136567,http://www.boldsystems.org/pics/BLPDF/18-SRNP-104943-DHJ706030+1683302722.JPG,2633136567,040c5662-da76-4782-a48e-cdea1892d14c,1811258,4532185,797,10000906,Adult,10.99689,-85.45679,2018-08-08,0,040c5662-da76-4782-a48e-cdea1892d14c/2633136567.jpg,640,297,2025-03-14 17:07:27,62528,False
2633134688,http://www.boldsystems.org/pics/BLPDV/18-SRNP-102120-DHJ703207+1551985514.JPG,2633134688,040c5662-da76-4782-a48e-cdea1892d14c,1811258,4532185,797,10000906,Adult,10.80348,-85.32729,2018-04-16,0,040c5662-da76-4782-a48e-cdea1892d14c/2633134688.jpg,640,407,2025-03-14 17:07:17,65673,False
2633134562,http://www.boldsystems.org/pics/BLPDF/18-SRNP-105815-DHJ706902+1683302826.JPG,2633134562,040c5662-da76-4782-a48e-cdea1892d14c,1811258,4532185,797,10000906,Adult,10.92956,-85.46512,2018-09-13,0,040c5662-da76-4782-a48e-cdea1892d14c/2633134562.jpg,640,315,2025-03-14 17:07:25,63412,False
2633132627,http://www.boldsystems.org/pics/BLPDV/18-SRNP-100689-DHJ701776+1551716472.JPG,2633132627,040c5662-da76-4782-a48e-cdea1892d14c,1811258,4532185,797,10000906,Adult,10.99689,-85.45679,2018-02-13,0,040c5662-da76-4782-a48e-cdea1892d14c/2633132627.jpg,640,283,2025-03-14 17:07:16,68523,False
2557781135,https://inaturalist-open-data.s3.amazonaws.com/photos/59544664/original.jpeg,2557781135,50c9509d-22c7-4a22-a47d-8c48425ef4a7,9237031,6950,797,9237031,Adult,21.332794,-104.58811,2020-01-07T21:21,0,50c9509d-22c7-4a22-a47d-8c48425ef4a7/2557781135.jpg,2048,1536,2025-03-14 17:06:55,1175561,False
2542784640,https://bugguide.net/images/cache/IHO/H4H/IHOH4HCH2H2ZILNZ5LPZHLGZSL6Z0LEZQLGZ0LEZ8LFHILUZRL1HLLAH7HAH4HVH0LGZQL2ZMHTHQLPZ8HLRUHAZXL9Z.jpg,2542784640,cca13f2c-0d2c-4c2f-93b9-4446c0cc1629,9237031,6950,797,9237031,Adult,,,2018,0,cca13f2c-0d2c-4c2f-93b9-4446c0cc1629/2542784640.jpg,125,80,2025-03-14 17:06:51,2697,False
2542784618,https://bugguide.net/images/cache/SR3/ZIR/SR3ZIRJZ5RNLSZDLXZ1LXZOL0ZBLERQH2RCL4RVLKZTL2R3ZLZJZYL3ZMR3ZMRFZHZELKZHHXZKHMRKHIRWLXRCZ4RRH.jpg,2542784618,cca13f2c-0d2c-4c2f-93b9-4446c0cc1629,9237031,6950,797,9237031,Adult,,,2019,0,cca13f2c-0d2c-4c2f-93b9-4446c0cc1629/2542784618.jpg,125,109,2025-03-14 17:07:04,3116,False
2465206020,https://inaturalist-open-data.s3.amazonaws.com/photos/56814754/original.jpg,2465206020,50c9509d-22c7-4a22-a47d-8c48425ef4a7,9237031,6950,797,9237031,Adult,32.69644,-87.259482,2008-05-14T22:01,0,50c9509d-22c7-4a22-a47d-8c48425ef4a7/2465206020.jpg,272,203,2025-03-14 17:07:04,25476,False
2432249039,https://ecdysis.org/imglib/scan/CSU_CSUC/CSU_ENT1010/CSU_ENT1010618_1-6_1602_1480976066.jpg,2432249039,323b0e80-5e4b-4cc4-936a-d93fc8cae9bc,1811258,4532185,797,1811258,Adult,19.214444,-96.878056,2008-09-23,0,323b0e80-5e4b-4cc4-936a-d93fc8cae9bc/2432249039.jpg,683,512,2025-03-14 17:06:35,55080,False
2432248760,https://ecdysis.org/imglib/scan/CSU_CSUC/CSU_ENT1010/CSU_ENT1010624_1-2_1480976104.jpg,2432248760,323b0e80-5e4b-4cc4-936a-d93fc8cae9bc,1811258,4532185,797,1811258,Adult,8.785335,-82.959259,2001-03-08,0,323b0e80-5e4b-4cc4-936a-d93fc8cae9bc/2432248760.jpg,1525,1144,2025-03-14 17:06:36,136319,False
2432248596,https://ecdysis.org/imglib/scan/CSU_CSUC/CSU_ENT1010/CSU_ENT1010627_1-2_1480976158_lg.jpg,2432248596,323b0e80-5e4b-4cc4-936a-d93fc8cae9bc,1811258,4532185,797,1811258,Adult,8.785335,-82.959259,2001-03-08,0,323b0e80-5e4b-4cc4-936a-d93fc8cae9bc/2432248596.jpg,1707,1280,2025-03-14 17:06:37,144119,False
2432247422,https://ecdysis.org/imglib/scan/CSU_CSUC/CSU_ENT1010/CSU_ENT1010615_1-6_1603_1480976018.jpg,2432247422,323b0e80-5e4b-4cc4-936a-d93fc8cae9bc,1811258,4532185,797,1811258,Adult,23.033788,-99.150391,2003-10-13,0,323b0e80-5e4b-4cc4-936a-d93fc8cae9bc/2432247422.jpg,688,516,2025-03-14 17:06:38,53840,False
2423167526,https://inaturalist-open-data.s3.amazonaws.com/photos/51964330/original.jpg,2423167526,50c9509d-22c7-4a22-a47d-8c48425ef4a7,9237031,6950,797,9237031,Adult,33.688991,-86.683323,2019-09-19T21:17,0,50c9509d-22c7-4a22-a47d-8c48425ef4a7/2423167526.jpg,950,633,2025-03-14 17:06:54,81086,False
2294585583,https://inaturalist-open-data.s3.amazonaws.com/photos/45486437/original.jpg,2294585583,50c9509d-22c7-4a22-a47d-8c48425ef4a7,9237031,6950,797,9237031,Adult,32.573792,-85.945671,2019-07-19T20:22:33Z,0,50c9509d-22c7-4a22-a47d-8c48425ef4a7/2294585583.jpg,1696,1258,2025-03-14 17:06:49,923089,False
2283109568,https://inaturalist-open-data.s3.amazonaws.com/photos/43653902/original.jpeg,2283109568,50c9509d-22c7-4a22-a47d-8c48425ef4a7,9237031,6950,797,9237031,Adult,29.570456,-82.196136,2019-06-30T21:52,0,50c9509d-22c7-4a22-a47d-8c48425ef4a7/2283109568.jpg,1685,1465,2025-03-14 17:07:00,659324,False
2250960174,http://www.boldsystems.org/pics/MNAB/CNCLEP00025934+1174421352.jpg,2250960174,040c5662-da76-4782-a48e-cdea1892d14c,9237031,6950,797,10453144,Adult,27.172,-81.349,2006-06-21,0,040c5662-da76-4782-a48e-cdea1892d14c/2250960174.jpg,640,365,2025-03-14 17:06:40,37409,False
2250957937,http://www.boldsystems.org/pics/MNAB/CNCLEP00025786+1173471174.jpg,2250957937,040c5662-da76-4782-a48e-cdea1892d14c,9237031,6950,797,10453144,Adult,27.185,-81.341,2006-06-20,0,040c5662-da76-4782-a48e-cdea1892d14c/2250957937.jpg,640,360,2025-03-14 17:06:42,38511,False
2250850007,http://www.boldsystems.org/pics/LSUSA/06-SUSA-0181+1152201264.jpg,2250850007,040c5662-da76-4782-a48e-cdea1892d14c,9237031,6950,797,9836171,,37.011,-88.537,2006-05-30,0,040c5662-da76-4782-a48e-cdea1892d14c/2250850007.jpg,640,427,2025-03-14 17:06:45,32973,False
2250807398,http://www.boldsystems.org/pics/LOFLD/IMG_0897_+1195062716.JPG,2250807398,040c5662-da76-4782-a48e-cdea1892d14c,9237031,6950,797,10453144,Adult,29.76233,-81.84347,2006-06-16,0,040c5662-da76-4782-a48e-cdea1892d14c/2250807398.jpg,639,426,2025-03-14 17:06:33,46574,False
2250805425,http://www.boldsystems.org/pics/LOFLA/06-FLOR-0358+1152709874.jpg,2250805425,040c5662-da76-4782-a48e-cdea1892d14c,9237031,6950,797,10453144,,29.52,-81.843,2006-06-18,0,040c5662-da76-4782-a48e-cdea1892d14c/2250805425.jpg,640,427,2025-03-14 17:06:35,57944,False
2250793305,http://www.boldsystems.org/pics/LNCB/06-NCCC-1215+1152889386.jpg,2250793305,040c5662-da76-4782-a48e-cdea1892d14c,9237031,6950,797,10453144,Adult,34.768,-76.764,2006-06-15,0,040c5662-da76-4782-a48e-cdea1892d14c/2250793305.jpg,640,427,2025-03-14 17:06:37,46055,False
2250792492,http://www.boldsystems.org/pics/LNC/05-NCCC-149.jpg,2250792492,040c5662-da76-4782-a48e-cdea1892d14c,9237031,6950,797,10453144,,34.9003,-76.9456,2005-06-19,0,040c5662-da76-4782-a48e-cdea1892d14c/2250792492.jpg,630,420,2025-03-14 17:06:39,74378,False
2250792034,http://www.boldsystems.org/pics/LNC/05-NCCC-150.jpg,2250792034,040c5662-da76-4782-a48e-cdea1892d14c,9237031,6950,797,10453144,,34.9003,-76.9456,2005-06-19,0,040c5662-da76-4782-a48e-cdea1892d14c/2250792034.jpg,630,420,2025-03-14 17:06:42,74721,False
2248793050,http://www.boldsystems.org/pics/BLPCP/08-SRNP-104931_DHJ628995+1225140780.jpg,2248793050,040c5662-da76-4782-a48e-cdea1892d14c,1811258,4532185,797,10000906,Adult,11.0,-85.456,2006-08-01,0,040c5662-da76-4782-a48e-cdea1892d14c/2248793050.jpg,640,427,2025-03-14 17:07:17,99158,False
2248790754,http://www.boldsystems.org/pics/BLPCP/08-SRNP-105021_DHJ629085+1225207472.jpg,2248790754,040c5662-da76-4782-a48e-cdea1892d14c,1811258,4532185,797,10000906,Adult,11.0,-85.456,2006-08-02,0,040c5662-da76-4782-a48e-cdea1892d14c/2248790754.jpg,640,427,2025-03-14 17:07:29,98230,False
2248782105,http://www.boldsystems.org/pics/BLARA/07-SRNP-110945_DHJ620909+1200952424.jpg,2248782105,040c5662-da76-4782-a48e-cdea1892d14c,1811258,4532185,797,10000906,Adult,10.884,-85.473,2007-11-11,0,040c5662-da76-4782-a48e-cdea1892d14c/2248782105.jpg,640,427,2025-03-14 17:07:25,98000,False
2248781676,http://www.boldsystems.org/pics/BLARA/07-SRNP-109589_DHJ619553+1199755610.jpg,2248781676,040c5662-da76-4782-a48e-cdea1892d14c,1811258,4532185,797,10000906,Adult,10.997,-85.457,2007-11-07,0,040c5662-da76-4782-a48e-cdea1892d14c/2248781676.jpg,640,427,2025-03-14 17:07:27,102830,False
2248781243,http://www.boldsystems.org/pics/BLARA/07-SRNP-110088_DHJ620052+1199981740.jpg,2248781243,040c5662-da76-4782-a48e-cdea1892d14c,1811258,4532185,797,10000906,Adult,10.896,-85.296,2007-11-09,0,040c5662-da76-4782-a48e-cdea1892d14c/2248781243.jpg,640,427,2025-03-14 17:07:06,101056,False
2248781167,http://www.boldsystems.org/pics/BLARA/07-SRNP-106620_DHJ616584+1188248366.jpg,2248781167,040c5662-da76-4782-a48e-cdea1892d14c,1811258,4532185,797,10000906,Adult,10.884,-85.473,2007-08-10,0,040c5662-da76-4782-a48e-cdea1892d14c/2248781167.jpg,640,427,2025-03-14 17:07:21,102323,False
2248780041,http://www.boldsystems.org/pics/BLARA/07-SRNP-107505_DHJ617469+1190738336.jpg,2248780041,040c5662-da76-4782-a48e-cdea1892d14c,1811258,4532185,797,10000906,Adult,10.894,-85.436,2007-08-12,0,040c5662-da76-4782-a48e-cdea1892d14c/2248780041.jpg,640,427,2025-03-14 17:07:14,102728,False
2248774865,http://www.boldsystems.org/pics/BLPBE/07-SRNP-100968_DHJ610932+1173898798.jpg,2248774865,040c5662-da76-4782-a48e-cdea1892d14c,1811258,4532185,797,10000906,Adult,10.989,-85.426,2007-02-17,0,040c5662-da76-4782-a48e-cdea1892d14c/2248774865.jpg,640,427,2025-03-14 17:07:16,60010,False
2248774636,http://www.boldsystems.org/pics/BLPBE/07-SRNP-100967_DHJ610931+1173898756.jpg,2248774636,040c5662-da76-4782-a48e-cdea1892d14c,1811258,4532185,797,10000906,Adult,10.989,-85.426,2007-02-17,0,040c5662-da76-4782-a48e-cdea1892d14c/2248774636.jpg,640,427,2025-03-14 17:07:04,65623,False
2248772783,http://www.boldsystems.org/pics/BLPBC/06-SRNP-109502_DHJ609502+1199992320.jpg,2248772783,040c5662-da76-4782-a48e-cdea1892d14c,1811258,4532185,797,10000906,Adult,10.88,-85.389,2006-11-22,0,040c5662-da76-4782-a48e-cdea1892d14c/2248772783.jpg,640,427,2025-03-14 17:07:26,63802,False
2248772669,http://www.boldsystems.org/pics/BLPBB/06-SRNP-108479_DHJ608479+1199992200.jpg,2248772669,040c5662-da76-4782-a48e-cdea1892d14c,1811258,4532185,797,10000906,Adult,11.0,-85.456,2006-11-19,0,040c5662-da76-4782-a48e-cdea1892d14c/2248772669.jpg,640,427,2025-03-14 17:07:14,66499,False
2248772564,http://www.boldsystems.org/pics/BLPBC/06-SRNP-109504_DHJ609504+1199992320.jpg,2248772564,040c5662-da76-4782-a48e-cdea1892d14c,1811258,4532185,797,10000906,Adult,10.88,-85.389,2006-11-22,0,040c5662-da76-4782-a48e-cdea1892d14c/2248772564.jpg,640,427,2025-03-14 17:07:15,64485,False
2248771551,http://www.boldsystems.org/pics/BLPBC/06-SRNP-109284_DHJ609284+1199992320.jpg,2248771551,040c5662-da76-4782-a48e-cdea1892d14c,1811258,4532185,797,10000906,Adult,10.88,-85.389,2006-11-21,0,040c5662-da76-4782-a48e-cdea1892d14c/2248771551.jpg,640,427,2025-03-14 17:07:18,58784,False
2248770966,http://www.boldsystems.org/pics/BLPBA/06-SRNP-107999_DHJ607999+1199992080.jpg,2248770966,040c5662-da76-4782-a48e-cdea1892d14c,1811258,4532185,797,10000906,Adult,11.0,-85.456,2006-10-20,0,040c5662-da76-4782-a48e-cdea1892d14c/2248770966.jpg,640,427,2025-03-14 17:07:21,65953,False
2248770422,http://www.boldsystems.org/pics/BLPBA/06-SRNP-107196_DHJ607196+1199992020.jpg,2248770422,040c5662-da76-4782-a48e-cdea1892d14c,1811258,4532185,797,10000906,Adult,10.813,-85.402,2006-09-21,0,040c5662-da76-4782-a48e-cdea1892d14c/2248770422.jpg,640,427,2025-03-14 17:07:33,65014,False
2248769724,http://www.boldsystems.org/pics/BLARB/06-SRNP-106974_DHJ606974+1162495044.jpg,2248769724,040c5662-da76-4782-a48e-cdea1892d14c,1811258,4532185,797,10000906,Adult,10.813,-85.402,2006-08-29,0,040c5662-da76-4782-a48e-cdea1892d14c/2248769724.jpg,640,427,2025-03-14 17:07:26,88042,False
2248766915,http://www.boldsystems.org/pics/BLPAD/06-SRNP-103086_DHJ603086+1197404760.JPG,2248766915,040c5662-da76-4782-a48e-cdea1892d14c,1811258,4532185,797,10000906,Adult,10.989,-85.426,2006-04-12,0,040c5662-da76-4782-a48e-cdea1892d14c/2248766915.jpg,640,427,2025-03-14 17:07:12,64760,False
2242801644,https://inaturalist-open-data.s3.amazonaws.com/photos/37754650/original.jpg,2242801644,50c9509d-22c7-4a22-a47d-8c48425ef4a7,9237031,6950,797,9237031,Adult,30.460417,-95.628001,2019-04-29T20:52,0,50c9509d-22c7-4a22-a47d-8c48425ef4a7/2242801644.jpg,1152,2048,2025-03-14 17:06:52,715879,False
1847185840,https://bugguide.net/images/cache/FH9/HLR/FH9HLRWHVH5L4ZZLEZRL6ZLLNZ5LVZ6HLREHFHML8ZRLVHKLVZILVZIL5ZZL6ZKL8Z5HEZHL1HKLVZGLFHXH4Z4HVH.jpg,1847185840,cca13f2c-0d2c-4c2f-93b9-4446c0cc1629,9237031,6950,797,9237031,Adult,,,2013,0,cca13f2c-0d2c-4c2f-93b9-4446c0cc1629/1847185840.jpg,125,94,2025-03-14 17:06:46,2824,False
1847185791,https://bugguide.net/images/cache/PQ1/04Q/PQ104QA0BQ2K5KDK4KDK8KBKRKAKGKY09QF0UQB09Q1K1Q307KRSVQ30GKVKLKVK1QTKXKLSVQT01QY0MKLS1QJ0AQ.jpg,1847185791,cca13f2c-0d2c-4c2f-93b9-4446c0cc1629,9237031,6950,797,9237031,Adult,,,2013,0,cca13f2c-0d2c-4c2f-93b9-4446c0cc1629/1847185791.jpg,122,125,2025-03-14 17:07:04,1954,False
1846939235,https://bugguide.net/images/cache/VK8/KDK/VK8KDKGK2KBQV0GQF0WQ10EQLS1QY0AQZSIKEK5Q6KZK6K4QV05QNKSK6KZKV0WQLSXKBKMKPK6QD05QEK2QD04Q.jpg,1846939235,cca13f2c-0d2c-4c2f-93b9-4446c0cc1629,9237031,6950,797,9237031,Adult,,,2006,0,cca13f2c-0d2c-4c2f-93b9-4446c0cc1629/1846939235.jpg,113,125,2025-03-14 17:06:47,4666,False
1846933773,https://bugguide.net/images/cache/T08/QB0/T08QB0GQRSRKTK4KUKSKPKKKPKZK6KQKWK5QA02QWKSKC0SKC0SKNK5KY07KAK5K1KBQ30AQHS5KAKGK1K5KTKGKAKVQ.jpg,1846933773,cca13f2c-0d2c-4c2f-93b9-4446c0cc1629,9237031,6950,797,9237031,Adult,,,2017,0,cca13f2c-0d2c-4c2f-93b9-4446c0cc1629/1846933773.jpg,125,94,2025-03-14 17:07:01,3651,False
1841321990,https://inaturalist-open-data.s3.amazonaws.com/photos/17320352/original.jpg,1841321990,50c9509d-22c7-4a22-a47d-8c48425ef4a7,9237031,6950,797,9237031,Adult,32.788461,-86.871655,2018-04-29T20:18,0,50c9509d-22c7-4a22-a47d-8c48425ef4a7/1841321990.jpg,600,347,2025-03-14 17:06:45,201595,False
1838419724,https://inaturalist-open-data.s3.amazonaws.com/photos/10714255/original.jpeg,1838419724,50c9509d-22c7-4a22-a47d-8c48425ef4a7,9237031,6950,797,9237031,Adult,29.547597,-82.290968,2017-09-22T21:24,1,50c9509d-22c7-4a22-a47d-8c48425ef4a7/1838419724_1.jpg,1190,792,2025-03-14 17:06:59,191868,False
1838303414,https://inaturalist-open-data.s3.amazonaws.com/photos/14241609/original.jpeg,1838303414,50c9509d-22c7-4a22-a47d-8c48425ef4a7,9237031,6950,797,9237031,Adult,17.554007,-88.535004,2018-03-06T07:23,0,50c9509d-22c7-4a22-a47d-8c48425ef4a7/1838303414.jpg,1331,814,2025-03-14 17:07:04,697670,False
1621798170,https://inaturalist-open-data.s3.amazonaws.com/photos/9953987/original.jpg,1621798170,50c9509d-22c7-4a22-a47d-8c48425ef4a7,9237031,6950,797,9237031,Adult,36.440015,-84.990365,2017-08-21T23:03:16,0,50c9509d-22c7-4a22-a47d-8c48425ef4a7/1621798170.jpg,1536,2048,2025-03-14 17:06:54,1213450,False
1586123866,https://inaturalist-open-data.s3.amazonaws.com/photos/22356234/original.jpg,1586123866,50c9509d-22c7-4a22-a47d-8c48425ef4a7,9237031,6950,797,9237031,Adult,34.204371,-80.175162,2017-07-21T00:18,1,50c9509d-22c7-4a22-a47d-8c48425ef4a7/1586123866_1.jpg,1116,1008,2025-03-14 17:06:53,521438,False
1571144094,https://inaturalist-open-data.s3.amazonaws.com/photos/8470510/original.jpg,1571144094,50c9509d-22c7-4a22-a47d-8c48425ef4a7,1976364,6950,797,1976364,,9.942916,-83.692512,2017-06-15,0,50c9509d-22c7-4a22-a47d-8c48425ef4a7/1571144094.jpg,2048,1347,2025-03-14 17:06:44,1338565,False
1416551716,http://www.boldsystems.org/pics/USLEP/IMG_1857+1278531220.jpg,1416551716,040c5662-da76-4782-a48e-cdea1892d14c,9237031,6950,797,10453144,Adult,27.25242,-82.29577,2010-03-19,0,040c5662-da76-4782-a48e-cdea1892d14c/1416551716.jpg,639,426,2025-03-14 17:06:47,212650,False
1416551681,http://www.boldsystems.org/pics/USLEP/IMG_1908+1278594274.JPG,1416551681,040c5662-da76-4782-a48e-cdea1892d14c,9237031,6950,797,10453144,Adult,27.27564,-82.26614,2010-03-20,0,040c5662-da76-4782-a48e-cdea1892d14c/1416551681.jpg,640,427,2025-03-14 17:06:49,72470,False
1416551673,http://www.boldsystems.org/pics/USLEP/IMG_1904+1278594974.jpg,1416551673,040c5662-da76-4782-a48e-cdea1892d14c,9237031,6950,797,10453144,Adult,27.25242,-82.29577,2010-03-19,0,040c5662-da76-4782-a48e-cdea1892d14c/1416551673.jpg,640,427,2025-03-14 17:06:33,170294,False
1416551661,http://www.boldsystems.org/pics/USLEP/IMG_1903+1278594956.jpg,1416551661,040c5662-da76-4782-a48e-cdea1892d14c,9237031,6950,797,10453144,Adult,27.25242,-82.29577,2010-03-19,0,040c5662-da76-4782-a48e-cdea1892d14c/1416551661.jpg,640,427,2025-03-14 17:06:35,103383,False
1416551653,http://www.boldsystems.org/pics/USLEP/IMG_1902+1278594944.jpg,1416551653,040c5662-da76-4782-a48e-cdea1892d14c,9237031,6950,797,10453144,Adult,27.25242,-82.29577,2010-03-19,0,040c5662-da76-4782-a48e-cdea1892d14c/1416551653.jpg,640,427,2025-03-14 17:06:37,112822,False
1416551645,http://www.boldsystems.org/pics/USLEP/IMG_1901+1278594928.jpg,1416551645,040c5662-da76-4782-a48e-cdea1892d14c,9237031,6950,797,10453144,Adult,27.67651,-82.3799,2010-03-24,0,040c5662-da76-4782-a48e-cdea1892d14c/1416551645.jpg,640,427,2025-03-14 17:06:40,223982,False
1415700399,http://www.boldsystems.org/pics/LILLA/IMG_4748+1314714412.jpg,1415700399,040c5662-da76-4782-a48e-cdea1892d14c,9237031,6950,797,9836171,Adult,38.226,-88.185,2010-06-06,0,040c5662-da76-4782-a48e-cdea1892d14c/1415700399.jpg,639,428,2025-03-14 17:06:43,243030,False
1415507252,http://www.boldsystems.org/pics/GWORL/BC_ZSM_Lep_05521+1244045008.JPG,1415507252,040c5662-da76-4782-a48e-cdea1892d14c,9237031,6950,797,10453144,Adult,18.4167,-77.9667,1994-11-30,0,040c5662-da76-4782-a48e-cdea1892d14c/1415507252.jpg,639,448,2025-03-14 17:06:46,73028,False
1414287813,http://www.boldsystems.org/pics/CNCLB/CNCLEP_00119630+1416953220.jpg,1414287813,040c5662-da76-4782-a48e-cdea1892d14c,1811258,4532185,797,10000906,,19.2144,-96.8781,2008-09-23,0,040c5662-da76-4782-a48e-cdea1892d14c/1414287813.jpg,640,425,2025-03-14 17:07:08,163596,False
1414182812,http://www.boldsystems.org/pics/BLPEF/13-SRNP-100091-DHJ672812+1362762031.JPG,1414182812,040c5662-da76-4782-a48e-cdea1892d14c,1811258,4532185,797,10000906,Adult,10.76979,-85.28592,2013-02-09,0,040c5662-da76-4782-a48e-cdea1892d14c/1414182812.jpg,640,427,2025-03-14 17:07:17,82903,False
1414182776,http://www.boldsystems.org/pics/BLPEF/13-SRNP-100093-DHJ672814+1362762017.JPG,1414182776,040c5662-da76-4782-a48e-cdea1892d14c,1811258,4532185,797,10000906,Adult,10.76979,-85.28592,2013-02-09,0,040c5662-da76-4782-a48e-cdea1892d14c/1414182776.jpg,640,427,2025-03-14 17:07:33,84147,False
1414181533,http://www.boldsystems.org/pics/BLPEF/12-SRNP-104657-DHJ671590+1389907938.JPG,1414181533,040c5662-da76-4782-a48e-cdea1892d14c,1811258,4532185,797,10000906,Adult,10.76631,-85.30099,2012-08-16,0,040c5662-da76-4782-a48e-cdea1892d14c/1414181533.jpg,639,346,2025-03-14 17:07:17,80260,False
1414181164,http://www.boldsystems.org/pics/BLPEF/12-SRNP-104318-DHJ671251+1389907846.JPG,1414181164,040c5662-da76-4782-a48e-cdea1892d14c,1811258,4532185,797,10000906,Adult,10.76631,-85.30099,2012-07-19,0,040c5662-da76-4782-a48e-cdea1892d14c/1414181164.jpg,640,427,2025-03-14 17:07:23,89097,False
1414174627,http://www.boldsystems.org/pics/BLPEE/13-SRNP-104046-DHJ676767+1407854412.JPG,1414174627,040c5662-da76-4782-a48e-cdea1892d14c,1811258,4532185,797,10000906,Adult,10.76315,-85.33398,2013-11-03,0,040c5662-da76-4782-a48e-cdea1892d14c/1414174627.jpg,640,427,2025-03-14 17:07:16,91354,False
1414174622,http://www.boldsystems.org/pics/BLPEE/13-SRNP-104047-DHJ676768+1407854412.JPG,1414174622,040c5662-da76-4782-a48e-cdea1892d14c,1811258,4532185,797,10000906,Adult,10.76315,-85.33398,2013-11-03,0,040c5662-da76-4782-a48e-cdea1892d14c/1414174622.jpg,640,427,2025-03-14 17:07:35,89679,False
1414167585,http://www.boldsystems.org/pics/BLPEC/11-SRNP-102841_DHJ663511+1305746826.jpg,1414167585,040c5662-da76-4782-a48e-cdea1892d14c,1811258,4532185,797,10000906,Adult,10.88009,-85.38887,2011-05-01,0,040c5662-da76-4782-a48e-cdea1892d14c/1414167585.jpg,640,427,2025-03-14 17:07:20,97598,False
1414167224,http://www.boldsystems.org/pics/BLPEB/11-SRNP-102468_DHJ663138+1305581886.jpg,1414167224,040c5662-da76-4782-a48e-cdea1892d14c,1811258,4532185,797,10000906,Adult,10.98931,-85.42581,2011-04-04,0,040c5662-da76-4782-a48e-cdea1892d14c/1414167224.jpg,640,427,2025-03-14 17:07:23,90977,False
1414167176,http://www.boldsystems.org/pics/BLPEB/11-SRNP-102414_DHJ663084+1304030172.jpg,1414167176,040c5662-da76-4782-a48e-cdea1892d14c,1811258,4532185,797,10000906,Adult,10.98518,-85.42811,2011-04-03,0,040c5662-da76-4782-a48e-cdea1892d14c/1414167176.jpg,640,294,2025-03-14 17:07:25,90620,False
1414166692,http://www.boldsystems.org/pics/BLPEB/11-SRNP-101945_DHJ662615+1303834566.jpg,1414166692,040c5662-da76-4782-a48e-cdea1892d14c,1811258,4532185,797,10000906,Adult,10.98518,-85.42811,2011-04-02,0,040c5662-da76-4782-a48e-cdea1892d14c/1414166692.jpg,640,427,2025-03-14 17:07:06,102489,False
1414166682,http://www.boldsystems.org/pics/BLPEB/11-SRNP-101946_DHJ662616+1303834572.jpg,1414166682,040c5662-da76-4782-a48e-cdea1892d14c,1811258,4532185,797,10000906,Adult,10.98518,-85.42811,2011-04-02,0,040c5662-da76-4782-a48e-cdea1892d14c/1414166682.jpg,640,427,2025-03-14 17:07:20,90959,False
1414166316,http://www.boldsystems.org/pics/BLPEB/11-SRNP-101612_DHJ662282+1303240086.jpg,1414166316,040c5662-da76-4782-a48e-cdea1892d14c,1811258,4532185,797,10000906,Adult,10.98931,-85.42581,2011-04-01,0,040c5662-da76-4782-a48e-cdea1892d14c/1414166316.jpg,640,316,2025-03-14 17:07:24,97526,False
1414165315,http://www.boldsystems.org/pics/BLPEA/11-SRNP-101495_DHJ662165+1302206264.jpg,1414165315,040c5662-da76-4782-a48e-cdea1892d14c,1811258,4532185,797,10000906,Adult,10.76631,-85.30099,2011-03-04,0,040c5662-da76-4782-a48e-cdea1892d14c/1414165315.jpg,639,290,2025-03-14 17:07:23,90919,False
1414165266,http://www.boldsystems.org/pics/BLPEA/11-SRNP-100532_DHJ661202+1297802208.jpg,1414165266,040c5662-da76-4782-a48e-cdea1892d14c,1811258,4532185,797,10000906,Adult,10.86623,-85.32693,2011-01-05,0,040c5662-da76-4782-a48e-cdea1892d14c/1414165266.jpg,640,286,2025-03-14 17:07:29,76253,False
1414164576,http://www.boldsystems.org/pics/BLPDZ/10-SRNP-115633_DHJ660508+1309189958.jpg,1414164576,040c5662-da76-4782-a48e-cdea1892d14c,1811258,4532185,797,10000906,Adult,10.76461,-85.30321,2010-11-05,0,040c5662-da76-4782-a48e-cdea1892d14c/1414164576.jpg,640,319,2025-03-14 17:07:17,56301,False
1414163018,http://www.boldsystems.org/pics/BLPDX/10-SRNP-113595_DHJ658470+1309896806.jpg,1414163018,040c5662-da76-4782-a48e-cdea1892d14c,1811258,4532185,797,10000906,Adult,10.81692,-85.34679,2010-09-07,0,040c5662-da76-4782-a48e-cdea1892d14c/1414163018.jpg,640,396,2025-03-14 17:07:27,85133,False
1414162903,http://www.boldsystems.org/pics/BLPDX/10-SRNP-113513_DHJ658388+1309896702.jpg,1414162903,040c5662-da76-4782-a48e-cdea1892d14c,1811258,4532185,797,10000906,Adult,10.81692,-85.34679,2010-09-07,0,040c5662-da76-4782-a48e-cdea1892d14c/1414162903.jpg,640,251,2025-03-14 17:07:13,58440,False
1414162899,http://www.boldsystems.org/pics/BLPDX/10-SRNP-113511_DHJ658386+1309896700.jpg,1414162899,040c5662-da76-4782-a48e-cdea1892d14c,1811258,4532185,797,10000906,Adult,10.81692,-85.34679,2010-09-07,0,040c5662-da76-4782-a48e-cdea1892d14c/1414162899.jpg,640,256,2025-03-14 17:07:14,62024,False
1414162503,http://www.boldsystems.org/pics/BLPDX/10-SRNP-114353_DHJ659228+1309897034.jpg,1414162503,040c5662-da76-4782-a48e-cdea1892d14c,1811258,4532185,797,10000906,Adult,10.81692,-85.34679,2010-10-06,0,040c5662-da76-4782-a48e-cdea1892d14c/1414162503.jpg,640,427,2025-03-14 17:07:23,97617,False
1414162502,http://www.boldsystems.org/pics/BLPDX/10-SRNP-114354_DHJ659229+1309897034.jpg,1414162502,040c5662-da76-4782-a48e-cdea1892d14c,1811258,4532185,797,10000906,Adult,10.81692,-85.34679,2010-10-06,0,040c5662-da76-4782-a48e-cdea1892d14c/1414162502.jpg,640,427,2025-03-14 17:07:19,96548,False
1414162264,http://www.boldsystems.org/pics/BLPDX/10-SRNP-114134_DHJ659009+1309896926.jpg,1414162264,040c5662-da76-4782-a48e-cdea1892d14c,1811258,4532185,797,10000906,Adult,10.77464,-85.35001,2010-10-05,0,040c5662-da76-4782-a48e-cdea1892d14c/1414162264.jpg,640,427,2025-03-14 17:07:39,106204,False
1414162240,http://www.boldsystems.org/pics/BLPDX/10-SRNP-113174_DHJ658049+1309896582.jpg,1414162240,040c5662-da76-4782-a48e-cdea1892d14c,1811258,4532185,797,10000906,Adult,10.77464,-85.35001,2010-09-06,0,040c5662-da76-4782-a48e-cdea1892d14c/1414162240.jpg,639,274,2025-03-14 17:07:10,64974,False
1414157380,http://www.boldsystems.org/pics/BLPDT/10-SRNP-109133_DHJ654008+1309969248.jpg,1414157380,040c5662-da76-4782-a48e-cdea1892d14c,1811258,4532185,797,10000906,Adult,10.792,-85.349,2010-06-13,0,040c5662-da76-4782-a48e-cdea1892d14c/1414157380.jpg,639,278,2025-03-14 17:07:19,52794,False
1414154813,http://www.boldsystems.org/pics/BLPDQ/10-SRNP-105535-DHJ650410+1274373426.jpg,1414154813,040c5662-da76-4782-a48e-cdea1892d14c,1811258,4532185,797,10000906,Adult,10.866,-85.326,2010-02-13,0,040c5662-da76-4782-a48e-cdea1892d14c/1414154813.jpg,640,313,2025-03-14 17:07:31,80467,False
1414154810,http://www.boldsystems.org/pics/BLPDQ/10-SRNP-105519-DHJ650394+1274374684.jpg,1414154810,040c5662-da76-4782-a48e-cdea1892d14c,1811258,4532185,797,10000906,Adult,10.866,-85.326,2010-02-13,0,040c5662-da76-4782-a48e-cdea1892d14c/1414154810.jpg,640,290,2025-03-14 17:07:15,71827,False
1414152123,http://www.boldsystems.org/pics/BLPDO/10-SRNP-102849-DHJ647724+1268245090.jpg,1414152123,040c5662-da76-4782-a48e-cdea1892d14c,1811258,4532185,797,10000906,Adult,10.868,-85.327,2010-01-15,0,040c5662-da76-4782-a48e-cdea1892d14c/1414152123.jpg,640,328,2025-03-14 17:07:12,74562,False
1414152010,http://www.boldsystems.org/pics/BLPDO/10-SRNP-102746-DHJ647621+1268232962.jpg,1414152010,040c5662-da76-4782-a48e-cdea1892d14c,1811258,4532185,797,10000906,Adult,10.868,-85.327,2010-01-15,0,040c5662-da76-4782-a48e-cdea1892d14c/1414152010.jpg,639,321,2025-03-14 17:07:10,75490,False
1414151548,http://www.boldsystems.org/pics/BLPDN/10-SRNP-100845-DHJ645720+1364927362.jpg,1414151548,040c5662-da76-4782-a48e-cdea1892d14c,1811258,4532185,797,10000906,Adult,10.864,-85.324,2010-01-12,0,040c5662-da76-4782-a48e-cdea1892d14c/1414151548.jpg,639,272,2025-03-14 17:07:11,68521,False
1414151460,http://www.boldsystems.org/pics/BLPDN/10-SRNP-100804-DHJ645679+1364927362.jpg,1414151460,040c5662-da76-4782-a48e-cdea1892d14c,1811258,4532185,797,10000906,Adult,10.866,-85.326,2010-01-12,0,040c5662-da76-4782-a48e-cdea1892d14c/1414151460.jpg,639,289,2025-03-14 17:07:12,59926,False
1414150384,http://www.boldsystems.org/pics/BLPDN/10-SRNP-101909-DHJ646784+1364927508.jpg,1414150384,040c5662-da76-4782-a48e-cdea1892d14c,1811258,4532185,797,10000906,Adult,10.864,-85.324,2010-01-13,0,040c5662-da76-4782-a48e-cdea1892d14c/1414150384.jpg,640,294,2025-03-14 17:07:22,72838,False
1414149949,http://www.boldsystems.org/pics/BLPDN/10-SRNP-101551-DHJ646426+1364927390.jpg,1414149949,040c5662-da76-4782-a48e-cdea1892d14c,1811258,4532185,797,10000906,Adult,10.868,-85.327,2010-01-13,0,040c5662-da76-4782-a48e-cdea1892d14c/1414149949.jpg,640,306,2025-03-14 17:07:09,74929,False
1414149786,http://www.boldsystems.org/pics/BLPDN/10-SRNP-101301-DHJ646176+1364927380.jpg,1414149786,040c5662-da76-4782-a48e-cdea1892d14c,1811258,4532185,797,10000906,Adult,10.868,-85.327,2010-01-13,0,040c5662-da76-4782-a48e-cdea1892d14c/1414149786.jpg,639,364,2025-03-14 17:07:36,82404,False
1414149649,http://www.boldsystems.org/pics/BLPDN/10-SRNP-100240-DHJ645115+1364927230.jpg,1414149649,040c5662-da76-4782-a48e-cdea1892d14c,1811258,4532185,797,10000906,Adult,10.868,-85.327,2010-01-12,0,040c5662-da76-4782-a48e-cdea1892d14c/1414149649.jpg,639,330,2025-03-14 17:07:18,69781,False
1414149519,http://www.boldsystems.org/pics/BLPDM/09-SRNP-110374-DHJ643609+1364927002.jpg,1414149519,040c5662-da76-4782-a48e-cdea1892d14c,1811258,4532185,797,10000906,Adult,11.0,-85.456,2009-11-15,0,040c5662-da76-4782-a48e-cdea1892d14c/1414149519.jpg,640,277,2025-03-14 17:07:30,63426,False
1414148714,http://www.boldsystems.org/pics/BLPDM/10-SRNP-100049-DHJ644924+1364927224.jpg,1414148714,040c5662-da76-4782-a48e-cdea1892d14c,1811258,4532185,797,10000906,Adult,10.868,-85.327,2010-01-12,0,040c5662-da76-4782-a48e-cdea1892d14c/1414148714.jpg,640,355,2025-03-14 17:07:32,61960,False
1414147596,http://www.boldsystems.org/pics/BLPDM/09-SRNP-110595-DHJ643830+1364927106.jpg,1414147596,040c5662-da76-4782-a48e-cdea1892d14c,1811258,4532185,797,10000906,Adult,11.0,-85.456,2009-11-16,0,040c5662-da76-4782-a48e-cdea1892d14c/1414147596.jpg,640,350,2025-03-14 17:07:25,81104,False
1413900725,http://www.boldsystems.org/pics/ABLCW/_MG_4893+1273012306.JPG,1413900725,040c5662-da76-4782-a48e-cdea1892d14c,1811258,4532185,797,10000906,Adult,,,2006-09-25,0,040c5662-da76-4782-a48e-cdea1892d14c/1413900725.jpg,640,427,2025-03-14 17:07:12,68521,False
1413900585,http://www.boldsystems.org/pics/ABLCW/_MG_4895+1273012264.JPG,1413900585,040c5662-da76-4782-a48e-cdea1892d14c,1811258,4532185,797,10000906,Adult,,,2006-09-25,0,040c5662-da76-4782-a48e-cdea1892d14c/1413900585.jpg,640,427,2025-03-14 17:07:16,76794,False
1413859005,http://www.boldsystems.org/pics/LTOLB/kn061096+1242661710.jpg,1413859005,040c5662-da76-4782-a48e-cdea1892d14c,1811258,4532185,797,10000906,Adult,9.394,-83.594,2006-06-27,0,040c5662-da76-4782-a48e-cdea1892d14c/1413859005.jpg,640,638,2025-03-14 17:07:12,149060,False
1413829182,http://www.boldsystems.org/pics/BLPDK/09-SRNP-105380_DHJ638615+1247499758.jpg,1413829182,040c5662-da76-4782-a48e-cdea1892d14c,1811258,4532185,797,10000906,Adult,10.77,-85.373,2009-06-21,0,040c5662-da76-4782-a48e-cdea1892d14c/1413829182.jpg,640,427,2025-03-14 17:07:31,97629,False
1413828367,http://www.boldsystems.org/pics/BLPDK/09-SRNP-106786_DHJ640021+1251469818.jpg,1413828367,040c5662-da76-4782-a48e-cdea1892d14c,1811258,4532185,797,10000906,Adult,10.927,-85.468,2009-07-23,0,040c5662-da76-4782-a48e-cdea1892d14c/1413828367.jpg,640,427,2025-03-14 17:07:35,94459,False
1413828287,http://www.boldsystems.org/pics/BLPDK/09-SRNP-106702_DHJ639937+1251474408.jpg,1413828287,040c5662-da76-4782-a48e-cdea1892d14c,1811258,4532185,797,10000906,Adult,10.927,-85.468,2009-07-23,0,040c5662-da76-4782-a48e-cdea1892d14c/1413828287.jpg,640,307,2025-03-14 17:07:15,63840,False
1413828101,http://www.boldsystems.org/pics/BLPDK/09-SRNP-106519_DHJ639754+1250176010.jpg,1413828101,040c5662-da76-4782-a48e-cdea1892d14c,1811258,4532185,797,10000906,Adult,10.927,-85.468,2009-07-21,0,040c5662-da76-4782-a48e-cdea1892d14c/1413828101.jpg,640,288,2025-03-14 17:07:10,66397,False
1413828100,http://www.boldsystems.org/pics/BLPDK/09-SRNP-106521_DHJ639756+1250176246.jpg,1413828100,040c5662-da76-4782-a48e-cdea1892d14c,1811258,4532185,797,10000906,Adult,10.927,-85.468,2009-07-21,0,040c5662-da76-4782-a48e-cdea1892d14c/1413828100.jpg,639,303,2025-03-14 17:07:10,78272,False
1318735171,http://n2t.net/ark:/65665/m338dbee76-76a8-4957-996e-fc56e5b786c8,1318735171,821cc27a-e3bb-4bc5-ac34-89ada245069d,1976364,6950,797,1976364,,,,,0,821cc27a-e3bb-4bc5-ac34-89ada245069d/1318735171.jpg,1966,1239,2025-03-14 17:07:51,1714264,False
1318735171,http://n2t.net/ark:/65665/m39da181a2-5cfb-43cf-b633-4263c800a158,1318735171,821cc27a-e3bb-4bc5-ac34-89ada245069d,1976364,6950,797,1976364,,,,,1,821cc27a-e3bb-4bc5-ac34-89ada245069d/1318735171_1.jpg,1237,816,2025-03-14 17:08:54,983742,False
1318735171,http://n2t.net/ark:/65665/m3947f2c68-66d8-4226-9939-e77730785425,1318735171,821cc27a-e3bb-4bc5-ac34-89ada245069d,1976364,6950,797,1976364,,,,,2,821cc27a-e3bb-4bc5-ac34-89ada245069d/1318735171_2.jpg,1915,1143,2025-03-14 17:09:57,1839476,False
