image_path,width,height,fetch_date,coreid,identifier,id,datasetKey,speciesKey,familyKey,orderKey,acceptedTaxonKey,lifeStage,decimalLatitude,decimalLongitude,eventDate,count,life_stage_prediction
50c9509d-22c7-4a22-a47d-8c48425ef4a7/5064070634.jpg,886,664,2025-03-14 17:05:56,5064070634,https://inaturalist-open-data.s3.amazonaws.com/photos/469398312/original.jpeg,5064070634,50c9509d-22c7-4a22-a47d-8c48425ef4a7,9237031,6950,797,9237031,Adult,40.438571,-80.373923,2024-09-14T21:11,0,
50c9509d-22c7-4a22-a47d-8c48425ef4a7/4952489954.jpg,951,913,2025-03-14 17:06:56,4952489954,https://inaturalist-open-data.s3.amazonaws.com/photos/439615320/original.jpeg,4952489954,50c9509d-22c7-4a22-a47d-8c48425ef4a7,9237031,6950,797,9237031,Adult,33.579575,-86.999004,2024-10-07T22:45:53,0,
50c9509d-22c7-4a22-a47d-8c48425ef4a7/4946384054.jpg,1177,985,2025-03-14 17:06:55,4946384054,https://inaturalist-open-data.s3.amazonaws.com/photos/427030329/original.jpeg,4946384054,50c9509d-22c7-4a22-a47d-8c48425ef4a7,9237031,6950,797,9237031,Adult,34.912369,-87.724956,2024-09-01T22:22,0,
50c9509d-22c7-4a22-a47d-8c48425ef4a7/4945642083.jpg,2048,1488,2025-03-14 17:05:49,4945642083,https://inaturalist-open-data.s3.amazonaws.com/photos/427339573/original.jpg,4945642083,50c9509d-22c7-4a22-a47d-8c48425ef4a7,9237031,6950,797,9237031,Adult,38.956239,-84.189885,2024-09-02T06:32,0,
50c9509d-22c7-4a22-a47d-8c48425ef4a7/4945619908.jpg,1065,670,2025-03-14 17:05:52,4945619908,https://inaturalist-open-data.s3.amazonaws.com/photos/425609264/original.jpg,4945619908,50c9509d-22c7-4a22-a47d-8c48425ef4a7,9237031,6950,797,9237031,Adult,35.006976,-92.570752,2024-08-30T06:05,0,
50c9509d-22c7-4a22-a47d-8c48425ef4a7/4937110007.jpg,2000,1333,2025-03-14 17:06:59,4937110007,https://inaturalist-open-data.s3.amazonaws.com/photos/412868814/original.jpg,4937110007,50c9509d-22c7-4a22-a47d-8c48425ef4a7,9237031,6950,797,9237031,Adult,33.676308,-89.989869,2023-05-08T06:10,0,
50c9509d-22c7-4a22-a47d-8c48425ef4a7/4937089115.jpg,2048,1365,2025-03-14 17:07:04,4937089115,https://inaturalist-open-data.s3.amazonaws.com/photos/292604661/original.jpg,4937089115,50c9509d-22c7-4a22-a47d-8c48425ef4a7,9237031,6950,797,9237031,Adult,39.63097,-82.5682,2023-06-18T21:53,0,
50c9509d-22c7-4a22-a47d-8c48425ef4a7/4901047159.jpg,317,202,2025-03-14 17:07:00,4901047159,https://inaturalist-open-data.s3.amazonaws.com/photos/385778658/original.jpeg,4901047159,50c9509d-22c7-4a22-a47d-8c48425ef4a7,9237031,6950,797,9237031,Adult,33.443445,-85.579956,2024-05-24T21:13,0,
50c9509d-22c7-4a22-a47d-8c48425ef4a7/4892029613.jpg,2048,1885,2025-03-14 17:05:55,4892029613,https://inaturalist-open-data.s3.amazonaws.com/photos/390978432/original.jpeg,4892029613,50c9509d-22c7-4a22-a47d-8c48425ef4a7,9237031,6950,797,9237031,Adult,40.329845,-81.240074,2024-06-03T23:03,0,
50c9509d-22c7-4a22-a47d-8c48425ef4a7/4892004258.jpg,1854,1541,2025-03-14 17:05:58,4892004258,https://inaturalist-open-data.s3.amazonaws.com/photos/393411123/original.jpeg,4892004258,50c9509d-22c7-4a22-a47d-8c48425ef4a7,9237031,6950,797,9237031,Adult,36.17307,-94.671584,2024-06-02T05:46,0,
50c9509d-22c7-4a22-a47d-8c48425ef4a7/4875396103_1.jpg,2048,1352,2025-03-14 17:06:57,4875396103,https://inaturalist-open-data.s3.amazonaws.com/photos/387684051/original.jpg,4875396103,50c9509d-22c7-4a22-a47d-8c48425ef4a7,9237031,6950,797,9237031,Adult,37.258177,-92.021679,2024-05-28T23:22:14,1,
50c9509d-22c7-4a22-a47d-8c48425ef4a7/4872294037.jpg,1536,2048,2025-03-14 17:07:04,4872294037,https://inaturalist-open-data.s3.amazonaws.com/photos/382633537/original.jpg,4872294037,50c9509d-22c7-4a22-a47d-8c48425ef4a7,9237031,6950,797,9237031,Adult,30.943567,-93.048797,2024-05-11T21:21:32,0,
50c9509d-22c7-4a22-a47d-8c48425ef4a7/4863919380.jpg,1352,1153,2025-03-14 17:06:58,4863919380,https://inaturalist-open-data.s3.amazonaws.com/photos/379464311/original.jpeg,4863919380,50c9509d-22c7-4a22-a47d-8c48425ef4a7,9237031,6950,797,9237031,Adult,32.574394,-85.945033,2024-05-07T20:55:38,0,
50c9509d-22c7-4a22-a47d-8c48425ef4a7/4852940646.jpg,1930,1930,2025-03-14 17:05:48,4852940646,https://inaturalist-open-data.s3.amazonaws.com/photos/369721281/original.jpeg,4852940646,50c9509d-22c7-4a22-a47d-8c48425ef4a7,9237031,6950,797,9237031,Adult,34.048656,-77.914682,2024-04-16T22:00,0,
50c9509d-22c7-4a22-a47d-8c48425ef4a7/4535653675.jpg,2048,1511,2025-03-14 17:06:52,4535653675,https://inaturalist-open-data.s3.amazonaws.com/photos/354302795/original.jpeg,4535653675,50c9509d-22c7-4a22-a47d-8c48425ef4a7,9237031,6950,797,9237031,Adult,29.668707,-82.23874,2024-02-27T20:22,0,
50c9509d-22c7-4a22-a47d-8c48425ef4a7/4524982445_1.jpg,1536,2048,2025-03-14 17:07:00,4524982445,https://inaturalist-open-data.s3.amazonaws.com/photos/320328088/original.jpg,4524982445,50c9509d-22c7-4a22-a47d-8c48425ef4a7,9237031,6950,797,9237031,Adult,31.889588,-81.199212,2023-09-16T20:28:37,1,
50c9509d-22c7-4a22-a47d-8c48425ef4a7/4522518893.jpg,2048,1753,2025-03-14 17:06:55,4522518893,https://inaturalist-open-data.s3.amazonaws.com/photos/317455120/original.jpeg,4522518893,50c9509d-22c7-4a22-a47d-8c48425ef4a7,9237031,6950,797,9237031,Adult,40.354606,-81.229362,2023-09-05T22:29,0,
50c9509d-22c7-4a22-a47d-8c48425ef4a7/4458372362.jpg,532,537,2025-03-14 17:05:46,4458372362,https://inaturalist-open-data.s3.amazonaws.com/photos/50921869/original.jpeg,4458372362,50c9509d-22c7-4a22-a47d-8c48425ef4a7,9237031,6950,797,9237031,Adult,34.195001,-80.182436,2019-09-07T22:15,0,
50c9509d-22c7-4a22-a47d-8c48425ef4a7/4458345900.jpg,946,2048,2025-03-14 17:05:50,4458345900,https://inaturalist-open-data.s3.amazonaws.com/photos/287104854/original.jpg,4458345900,50c9509d-22c7-4a22-a47d-8c48425ef4a7,9237031,6950,797,9237031,Adult,30.169553,-81.613441,2023-06-05T22:12:03,0,
50c9509d-22c7-4a22-a47d-8c48425ef4a7/4453981552.jpg,2048,1239,2025-03-14 17:05:53,4453981552,https://inaturalist-open-data.s3.amazonaws.com/photos/227753593/original.jpg,4453981552,50c9509d-22c7-4a22-a47d-8c48425ef4a7,9237031,6950,797,9237031,Adult,39.223115,-83.357793,2022-09-03T01:36,0,
50c9509d-22c7-4a22-a47d-8c48425ef4a7/4453953735_1.jpg,1884,2048,2025-03-14 17:07:06,4453953735,https://inaturalist-open-data.s3.amazonaws.com/photos/285074666/original.jpeg,4453953735,50c9509d-22c7-4a22-a47d-8c48425ef4a7,9237031,6950,797,9237031,Adult,34.147,-86.430567,2023-05-30T20:20:21,1,
50c9509d-22c7-4a22-a47d-8c48425ef4a7/4453724801.jpg,1280,995,2025-03-14 17:06:54,4453724801,https://inaturalist-open-data.s3.amazonaws.com/photos/293421699/original.jpeg,4453724801,50c9509d-22c7-4a22-a47d-8c48425ef4a7,9237031,6950,797,9237031,Adult,35.75951,-82.38055,2023-06-24T08:05,0,
50c9509d-22c7-4a22-a47d-8c48425ef4a7/4453724682.jpg,570,599,2025-03-14 17:06:52,4453724682,https://inaturalist-open-data.s3.amazonaws.com/photos/270288356/original.jpeg,4453724682,50c9509d-22c7-4a22-a47d-8c48425ef4a7,9237031,6950,797,9237031,Adult,30.943065,-93.047984,2023-04-16T05:41:23,0,
50c9509d-22c7-4a22-a47d-8c48425ef4a7/4453684989.jpg,1944,1484,2025-03-14 17:05:50,4453684989,https://inaturalist-open-data.s3.amazonaws.com/photos/317037475/original.jpeg,4453684989,50c9509d-22c7-4a22-a47d-8c48425ef4a7,9237031,6950,797,9237031,Adult,40.464997,-81.868045,2023-09-03T22:29,0,
50c9509d-22c7-4a22-a47d-8c48425ef4a7/4453684801.jpg,1152,2048,2025-03-14 17:05:52,4453684801,https://inaturalist-open-data.s3.amazonaws.com/photos/293497909/original.jpg,4453684801,50c9509d-22c7-4a22-a47d-8c48425ef4a7,9237031,6950,797,9237031,Adult,28.069967,-82.64408,2023-06-24T21:34:07,0,
50c9509d-22c7-4a22-a47d-8c48425ef4a7/4453684801_1.jpg,1152,2048,2025-03-14 17:05:54,4453684801,https://inaturalist-open-data.s3.amazonaws.com/photos/293497945/original.jpg,4453684801,50c9509d-22c7-4a22-a47d-8c48425ef4a7,9237031,6950,797,9237031,Adult,28.069967,-82.64408,2023-06-24T21:34:07,1,
50c9509d-22c7-4a22-a47d-8c48425ef4a7/4453681921.jpg,1475,1204,2025-03-14 17:05:58,4453681921,https://inaturalist-open-data.s3.amazonaws.com/photos/318918297/original.jpeg,4453681921,50c9509d-22c7-4a22-a47d-8c48425ef4a7,9237031,6950,797,9237031,Adult,32.574262,-85.945211,2023-09-07T20:48:47,0,
50c9509d-22c7-4a22-a47d-8c48425ef4a7/4453671008.jpg,850,618,2025-03-14 17:06:52,4453671008,https://inaturalist-open-data.s3.amazonaws.com/photos/320481462/original.jpeg,4453671008,50c9509d-22c7-4a22-a47d-8c48425ef4a7,9237031,6950,797,9237031,Adult,31.40761,-92.806369,2023-09-16T20:49:46,0,
50c9509d-22c7-4a22-a47d-8c48425ef4a7/4430612974_1.jpg,2048,1536,2025-03-14 17:06:49,4430612974,https://inaturalist-open-data.s3.amazonaws.com/photos/328564379/original.jpeg,4430612974,50c9509d-22c7-4a22-a47d-8c48425ef4a7,9237031,6950,797,9237031,Adult,34.882504,-86.008762,2023-05-26T22:34,1,
50c9509d-22c7-4a22-a47d-8c48425ef4a7/4407198475.jpg,2048,1365,2025-03-14 17:07:04,4407198475,https://inaturalist-open-data.s3.amazonaws.com/photos/246336037/original.jpeg,4407198475,50c9509d-22c7-4a22-a47d-8c48425ef4a7,9237031,6950,797,9237031,Adult,30.38403,-90.63854,2010-07-03T23:48,0,
50c9509d-22c7-4a22-a47d-8c48425ef4a7/4400014662.jpg,1211,810,2025-03-14 17:06:50,4400014662,https://inaturalist-open-data.s3.amazonaws.com/photos/311344961/original.jpeg,4400014662,50c9509d-22c7-4a22-a47d-8c48425ef4a7,9237031,6950,797,9237031,Adult,37.727296,-76.385029,2013-06-04T02:10,0,
50c9509d-22c7-4a22-a47d-8c48425ef4a7/4172042301.jpg,1486,1500,2025-03-14 17:06:58,4172042301,https://inaturalist-open-data.s3.amazonaws.com/photos/307194216/original.jpg,4172042301,50c9509d-22c7-4a22-a47d-8c48425ef4a7,9237031,6950,797,9237031,Adult,30.942106,-93.051619,2023-07-24T21:35,0,
50c9509d-22c7-4a22-a47d-8c48425ef4a7/4171734664.jpg,2048,1565,2025-03-14 17:07:03,4171734664,https://inaturalist-open-data.s3.amazonaws.com/photos/303574056/original.jpeg,4171734664,50c9509d-22c7-4a22-a47d-8c48425ef4a7,9237031,6950,797,9237031,Adult,30.898516,-91.342014,2023-07-23T21:38,0,
50c9509d-22c7-4a22-a47d-8c48425ef4a7/4145373869.jpg,956,956,2025-03-14 17:07:00,4145373869,https://inaturalist-open-data.s3.amazonaws.com/photos/292921602/original.jpeg,4145373869,50c9509d-22c7-4a22-a47d-8c48425ef4a7,9237031,6950,797,9237031,Adult,38.810027,-89.994637,2023-06-16T02:01,0,
50c9509d-22c7-4a22-a47d-8c48425ef4a7/4145305787.jpg,1536,2048,2025-03-14 17:07:02,4145305787,https://inaturalist-open-data.s3.amazonaws.com/photos/292194293/original.jpg,4145305787,50c9509d-22c7-4a22-a47d-8c48425ef4a7,9237031,6950,797,9237031,Adult,38.479279,-81.366841,2023-06-20T21:40:12,0,
50c9509d-22c7-4a22-a47d-8c48425ef4a7/4121208408.jpg,2048,1368,2025-03-14 17:07:02,4121208408,https://inaturalist-open-data.s3.amazonaws.com/photos/227771862/original.jpeg,4121208408,50c9509d-22c7-4a22-a47d-8c48425ef4a7,9237031,6950,797,9237031,Adult,39.223157,-83.358031,2022-09-02T01:35,0,
50c9509d-22c7-4a22-a47d-8c48425ef4a7/4116199361.jpg,1713,1316,2025-03-14 17:06:49,4116199361,https://inaturalist-open-data.s3.amazonaws.com/photos/278584485/original.jpeg,4116199361,50c9509d-22c7-4a22-a47d-8c48425ef4a7,9237031,6950,797,9237031,Adult,29.668538,-82.238744,2023-05-11T23:18,0,
50c9509d-22c7-4a22-a47d-8c48425ef4a7/4112001243.jpg,1620,1102,2025-03-14 17:06:48,4112001243,https://inaturalist-open-data.s3.amazonaws.com/photos/277879965/original.jpg,4112001243,50c9509d-22c7-4a22-a47d-8c48425ef4a7,9237031,6950,797,9237031,Adult,29.093983,-81.349617,2023-05-09T07:50,0,
50c9509d-22c7-4a22-a47d-8c48425ef4a7/4102715586.jpg,2048,1536,2025-03-14 17:06:52,4102715586,https://inaturalist-open-data.s3.amazonaws.com/photos/270671877/original.jpeg,4102715586,50c9509d-22c7-4a22-a47d-8c48425ef4a7,9237031,6950,797,9237031,Adult,33.316211,-88.850272,2023-04-24T20:50:05,0,
50c9509d-22c7-4a22-a47d-8c48425ef4a7/4091514625.jpg,2048,1536,2025-03-14 17:07:07,4091514625,https://inaturalist-open-data.s3.amazonaws.com/photos/268646442/original.jpeg,4091514625,50c9509d-22c7-4a22-a47d-8c48425ef4a7,9237031,6950,797,9237031,Adult,31.167995,-92.275328,2023-04-15T20:32,0,
50c9509d-22c7-4a22-a47d-8c48425ef4a7/4075927703.jpg,1278,957,2025-03-14 17:07:00,4075927703,https://inaturalist-open-data.s3.amazonaws.com/photos/263165889/original.jpg,4075927703,50c9509d-22c7-4a22-a47d-8c48425ef4a7,9237031,6950,797,9237031,Adult,29.635122,-82.412087,2023-03-24T23:53:02,0,
50c9509d-22c7-4a22-a47d-8c48425ef4a7/4075864623.jpg,2048,960,2025-03-14 17:06:52,4075864623,https://inaturalist-open-data.s3.amazonaws.com/photos/263026850/original.jpeg,4075864623,50c9509d-22c7-4a22-a47d-8c48425ef4a7,9237031,6950,797,9237031,Adult,29.717235,-81.604377,2023-03-25T21:15,0,
50c9509d-22c7-4a22-a47d-8c48425ef4a7/4062884497.jpg,1536,2048,2025-03-14 17:06:56,4062884497,https://inaturalist-open-data.s3.amazonaws.com/photos/232461910/original.jpg,4062884497,50c9509d-22c7-4a22-a47d-8c48425ef4a7,9237031,6950,797,9237031,Adult,31.608903,-87.815208,2022-09-23T19:53:38,0,
50c9509d-22c7-4a22-a47d-8c48425ef4a7/4062834272.jpg,941,1177,2025-03-14 17:06:58,4062834272,https://inaturalist-open-data.s3.amazonaws.com/photos/260524643/original.jpg,4062834272,50c9509d-22c7-4a22-a47d-8c48425ef4a7,9237031,6950,797,9237031,Adult,29.050609,-82.461573,2023-03-12T20:07,0,
50c9509d-22c7-4a22-a47d-8c48425ef4a7/4062551504.jpg,547,540,2025-03-14 17:06:50,4062551504,https://inaturalist-open-data.s3.amazonaws.com/photos/239183507/original.jpeg,4062551504,50c9509d-22c7-4a22-a47d-8c48425ef4a7,9237031,6950,797,9237031,Adult,32.547335,-85.423913,2022-10-23T07:04,0,
50c9509d-22c7-4a22-a47d-8c48425ef4a7/3986095764.jpg,1194,793,2025-03-14 17:06:47,3986095764,https://inaturalist-open-data.s3.amazonaws.com/photos/233415542/original.jpeg,3986095764,50c9509d-22c7-4a22-a47d-8c48425ef4a7,9237031,6950,797,9237031,Adult,30.700811,-88.169689,2022-09-17T19:29,0,
50c9509d-22c7-4a22-a47d-8c48425ef4a7/3985612899.jpg,1280,851,2025-03-14 17:06:55,3985612899,https://inaturalist-open-data.s3.amazonaws.com/photos/237760592/original.jpeg,3985612899,50c9509d-22c7-4a22-a47d-8c48425ef4a7,9237031,6950,797,9237031,Adult,30.734872,-87.906838,2022-10-06T20:44,0,
50c9509d-22c7-4a22-a47d-8c48425ef4a7/3923262686.jpg,846,513,2025-03-14 17:07:02,3923262686,https://inaturalist-open-data.s3.amazonaws.com/photos/230918851/original.jpeg,3923262686,50c9509d-22c7-4a22-a47d-8c48425ef4a7,9237031,6950,797,9237031,Adult,32.54736,-85.423922,2022-09-16T21:11,0,
50c9509d-22c7-4a22-a47d-8c48425ef4a7/3860661040.jpg,2048,973,2025-03-14 17:06:59,3860661040,https://inaturalist-open-data.s3.amazonaws.com/photos/209164260/original.jpeg,3860661040,50c9509d-22c7-4a22-a47d-8c48425ef4a7,9237031,6950,797,9237031,Adult,32.58551,-81.416877,2022-06-25T22:24,0,
50c9509d-22c7-4a22-a47d-8c48425ef4a7/3858966577.jpg,2048,1365,2025-03-14 17:07:00,3858966577,https://inaturalist-open-data.s3.amazonaws.com/photos/207891407/original.jpeg,3858966577,50c9509d-22c7-4a22-a47d-8c48425ef4a7,9237031,6950,797,9237031,Adult,35.76719,-90.704761,2022-06-20T22:21,0,
50c9509d-22c7-4a22-a47d-8c48425ef4a7/3764535429.jpg,1150,1214,2025-03-14 17:06:39,3764535429,https://inaturalist-open-data.s3.amazonaws.com/photos/185079936/original.jpeg,3764535429,50c9509d-22c7-4a22-a47d-8c48425ef4a7,1811258,4532185,797,1811258,Adult,19.008343,-98.115255,2020-09-14T19:37,0,
50c9509d-22c7-4a22-a47d-8c48425ef4a7/3764535429_1.jpg,1188,941,2025-03-14 17:06:41,3764535429,https://inaturalist-open-data.s3.amazonaws.com/photos/185081084/original.jpeg,3764535429,50c9509d-22c7-4a22-a47d-8c48425ef4a7,1811258,4532185,797,1811258,Adult,19.008343,-98.115255,2020-09-14T19:37,1,
50c9509d-22c7-4a22-a47d-8c48425ef4a7/3712592128.jpg,1967,1729,2025-03-14 17:06:46,3712592128,https://inaturalist-open-data.s3.amazonaws.com/photos/182286195/original.jpeg,3712592128,50c9509d-22c7-4a22-a47d-8c48425ef4a7,9237031,6950,797,9237031,Adult,29.668538,-82.238763,2022-02-25,0,
50c9509d-22c7-4a22-a47d-8c48425ef4a7/3456747118_4.jpg,2048,1536,2025-03-14 17:07:04,3456747118,https://inaturalist-open-data.s3.amazonaws.com/photos/176374072/original.jpeg,3456747118,50c9509d-22c7-4a22-a47d-8c48425ef4a7,9237031,6950,797,9237031,Adult,20.513787,-97.46192,2022-01-18T07:42:29,4,
50c9509d-22c7-4a22-a47d-8c48425ef4a7/3456205902.jpg,1598,1598,2025-03-14 17:06:32,3456205902,https://inaturalist-open-data.s3.amazonaws.com/photos/116270990/original.jpeg,3456205902,50c9509d-22c7-4a22-a47d-8c48425ef4a7,1811258,4532185,797,1811258,Adult,10.016651,-84.469601,2021-03-16T19:25:23,0,
50c9509d-22c7-4a22-a47d-8c48425ef4a7/3456165726.jpg,2048,2048,2025-03-14 17:06:39,3456165726,https://inaturalist-open-data.s3.amazonaws.com/photos/99561489/original.jpeg,3456165726,50c9509d-22c7-4a22-a47d-8c48425ef4a7,1811258,4532185,797,1811258,Adult,10.016719,-84.469709,2020-10-09T18:27:23,0,
50c9509d-22c7-4a22-a47d-8c48425ef4a7/3456165726_1.jpg,2048,2048,2025-03-14 17:06:40,3456165726,https://inaturalist-open-data.s3.amazonaws.com/photos/99561456/original.jpeg,3456165726,50c9509d-22c7-4a22-a47d-8c48425ef4a7,1811258,4532185,797,1811258,Adult,10.016719,-84.469709,2020-10-09T18:27:23,1,
50c9509d-22c7-4a22-a47d-8c48425ef4a7/3456165726_2.jpg,2048,2048,2025-03-14 17:06:43,3456165726,https://inaturalist-open-data.s3.amazonaws.com/photos/99561399/original.jpeg,3456165726,50c9509d-22c7-4a22-a47d-8c48425ef4a7,1811258,4532185,797,1811258,Adult,10.016719,-84.469709,2020-10-09T18:27:23,2,
50c9509d-22c7-4a22-a47d-8c48425ef4a7/3456165726_3.jpg,2048,2048,2025-03-14 17:06:45,3456165726,https://inaturalist-open-data.s3.amazonaws.com/photos/99561430/original.jpeg,3456165726,50c9509d-22c7-4a22-a47d-8c48425ef4a7,1811258,4532185,797,1811258,Adult,10.016719,-84.469709,2020-10-09T18:27:23,3,
50c9509d-22c7-4a22-a47d-8c48425ef4a7/3456044888.jpg,1770,1770,2025-03-14 17:06:47,3456044888,https://inaturalist-open-data.s3.amazonaws.com/photos/106611548/original.jpeg,3456044888,50c9509d-22c7-4a22-a47d-8c48425ef4a7,1811258,4532185,797,1811258,Adult,10.016652,-84.469688,2020-12-05T18:39:24,0,
50c9509d-22c7-4a22-a47d-8c48425ef4a7/3456044888_1.jpg,2048,2048,2025-03-14 17:06:50,3456044888,https://inaturalist-open-data.s3.amazonaws.com/photos/106611583/original.jpeg,3456044888,50c9509d-22c7-4a22-a47d-8c48425ef4a7,1811258,4532185,797,1811258,Adult,10.016652,-84.469688,2020-12-05T18:39:24,1,
50c9509d-22c7-4a22-a47d-8c48425ef4a7/3455265473.jpg,1600,1200,2025-03-14 17:06:33,3455265473,https://inaturalist-open-data.s3.amazonaws.com/photos/43620529/original.jpeg,3455265473,50c9509d-22c7-4a22-a47d-8c48425ef4a7,1811258,4532185,797,1811258,Adult,8.785725,-82.959577,2019-06-24T21:23,0,
50c9509d-22c7-4a22-a47d-8c48425ef4a7/3455265473_1.jpg,1024,768,2025-03-14 17:06:34,3455265473,https://inaturalist-open-data.s3.amazonaws.com/photos/43620527/original.jpeg,3455265473,50c9509d-22c7-4a22-a47d-8c48425ef4a7,1811258,4532185,797,1811258,Adult,8.785725,-82.959577,2019-06-24T21:23,1,
50c9509d-22c7-4a22-a47d-8c48425ef4a7/3455240899.jpg,2048,2048,2025-03-14 17:06:37,3455240899,https://inaturalist-open-data.s3.amazonaws.com/photos/77232651/original.jpeg,3455240899,50c9509d-22c7-4a22-a47d-8c48425ef4a7,1811258,4532185,797,1811258,Adult,10.016592,-84.469717,2020-06-05T19:35:11,0,
50c9509d-22c7-4a22-a47d-8c48425ef4a7/3455240899_1.jpg,2048,2048,2025-03-14 17:06:39,3455240899,https://inaturalist-open-data.s3.amazonaws.com/photos/77232833/original.jpeg,3455240899,50c9509d-22c7-4a22-a47d-8c48425ef4a7,1811258,4532185,797,1811258,Adult,10.016592,-84.469717,2020-06-05T19:35:11,1,
50c9509d-22c7-4a22-a47d-8c48425ef4a7/3455240899_2.jpg,2048,2048,2025-03-14 17:06:40,3455240899,https://inaturalist-open-data.s3.amazonaws.com/photos/77232745/original.jpeg,3455240899,50c9509d-22c7-4a22-a47d-8c48425ef4a7,1811258,4532185,797,1811258,Adult,10.016592,-84.469717,2020-06-05T19:35:11,2,
50c9509d-22c7-4a22-a47d-8c48425ef4a7/3384848548.jpg,2048,1543,2025-03-14 17:06:51,3384848548,https://inaturalist-open-data.s3.amazonaws.com/photos/158522208/original.jpeg,3384848548,50c9509d-22c7-4a22-a47d-8c48425ef4a7,9237031,6950,797,9237031,Adult,35.190338,-97.271873,2021-09-15T20:33,0,
50c9509d-22c7-4a22-a47d-8c48425ef4a7/3343925989.jpg,2048,1536,2025-03-14 17:06:54,3343925989,https://inaturalist-open-data.s3.amazonaws.com/photos/152445138/original.jpeg,3343925989,50c9509d-22c7-4a22-a47d-8c48425ef4a7,9237031,6950,797,9237031,Adult,40.329841,-81.240206,2021-08-21T06:16Z,0,
50c9509d-22c7-4a22-a47d-8c48425ef4a7/3112334814.jpg,1694,1492,2025-03-14 17:07:08,3112334814,https://inaturalist-open-data.s3.amazonaws.com/photos/124405992/original.jpeg,3112334814,50c9509d-22c7-4a22-a47d-8c48425ef4a7,9237031,6950,797,9237031,Adult,29.668527,-82.238801,2021-04-10,0,
50c9509d-22c7-4a22-a47d-8c48425ef4a7/3079803691.jpg,1173,881,2025-03-14 17:06:50,3079803691,https://inaturalist-open-data.s3.amazonaws.com/photos/57324698/original.jpg,3079803691,50c9509d-22c7-4a22-a47d-8c48425ef4a7,9237031,6950,797,9237031,Adult,29.748605,-82.103417,2019-12-01T21:04:35,0,
50c9509d-22c7-4a22-a47d-8c48425ef4a7/3070589736.jpg,2048,1130,2025-03-14 17:07:06,3070589736,https://inaturalist-open-data.s3.amazonaws.com/photos/57707196/original.jpeg,3070589736,50c9509d-22c7-4a22-a47d-8c48425ef4a7,9237031,6950,797,9237031,Adult,27.511196,-81.023208,2013-03-18,0,
50c9509d-22c7-4a22-a47d-8c48425ef4a7/3067896137.jpg,450,300,2025-03-14 17:06:59,3067896137,https://inaturalist-open-data.s3.amazonaws.com/photos/86053630/original.jpg,3067896137,50c9509d-22c7-4a22-a47d-8c48425ef4a7,9237031,6950,797,9237031,Adult,35.190337,-97.272038,2020-07-21T22:58:12,0,
50c9509d-22c7-4a22-a47d-8c48425ef4a7/3061766459.jpg,1536,2048,2025-03-14 17:06:50,3061766459,https://inaturalist-open-data.s3.amazonaws.com/photos/90386137/original.jpg,3061766459,50c9509d-22c7-4a22-a47d-8c48425ef4a7,9237031,6950,797,9237031,Adult,38.933653,-80.794201,2020-08-16T22:41:27,0,
50c9509d-22c7-4a22-a47d-8c48425ef4a7/3058996000.jpg,1290,1053,2025-03-14 17:07:05,3058996000,https://inaturalist-open-data.s3.amazonaws.com/photos/114886795/original.jpg,3058996000,50c9509d-22c7-4a22-a47d-8c48425ef4a7,9237031,6950,797,9237031,Adult,29.748305,-82.103317,2021-03-05T19:49:08,0,
50c9509d-22c7-4a22-a47d-8c48425ef4a7/3044823595.jpg,1470,664,2025-03-14 17:06:47,3044823595,https://inaturalist-open-data.s3.amazonaws.com/photos/113320552/original.jpeg,3044823595,50c9509d-22c7-4a22-a47d-8c48425ef4a7,9237031,6950,797,9237031,Adult,32.849163,-83.888606,2020-10-13T06:32,0,
50c9509d-22c7-4a22-a47d-8c48425ef4a7/3044646460.jpg,2048,1006,2025-03-14 17:06:46,3044646460,https://inaturalist-open-data.s3.amazonaws.com/photos/57909241/original.jpeg,3044646460,50c9509d-22c7-4a22-a47d-8c48425ef4a7,9237031,6950,797,9237031,Adult,29.821995,-94.664451,2019-10-03,0,
50c9509d-22c7-4a22-a47d-8c48425ef4a7/3039145459.jpg,1771,1186,2025-03-14 17:07:02,3039145459,https://inaturalist-open-data.s3.amazonaws.com/photos/54399820/original.jpeg,3039145459,50c9509d-22c7-4a22-a47d-8c48425ef4a7,9237031,6950,797,9237031,Adult,29.668214,-82.238533,2017-09-26,0,
50c9509d-22c7-4a22-a47d-8c48425ef4a7/3031589468.jpg,1680,1680,2025-03-14 17:06:42,3031589468,https://inaturalist-open-data.s3.amazonaws.com/photos/44992259/original.jpg,3031589468,50c9509d-22c7-4a22-a47d-8c48425ef4a7,1976364,6950,797,1976364,Adult,-13.072464,-71.421272,2019-07-08T19:39:36,0,
50c9509d-22c7-4a22-a47d-8c48425ef4a7/3031589468_1.jpg,1800,1200,2025-03-14 17:06:44,3031589468,https://inaturalist-open-data.s3.amazonaws.com/photos/109628453/original.jpeg,3031589468,50c9509d-22c7-4a22-a47d-8c48425ef4a7,1976364,6950,797,1976364,Adult,-13.072464,-71.421272,2019-07-08T19:39:36,1,
50c9509d-22c7-4a22-a47d-8c48425ef4a7/2901556710.jpg,1087,1043,2025-03-14 17:06:57,2901556710,https://inaturalist-open-data.s3.amazonaws.com/photos/100601165/original.jpeg,2901556710,50c9509d-22c7-4a22-a47d-8c48425ef4a7,9237031,6950,797,9237031,Adult,32.57424,-85.945071,2020-10-16T20:33:16,0,
50c9509d-22c7-4a22-a47d-8c48425ef4a7/2898395414.jpg,2048,2000,2025-03-14 17:06:31,2898395414,https://inaturalist-open-data.s3.amazonaws.com/photos/81719657/original.jpg,2898395414,50c9509d-22c7-4a22-a47d-8c48425ef4a7,1811258,4532185,797,1811258,Adult,6.977438,-75.295808,2020-06-25T12:00,0,
50c9509d-22c7-4a22-a47d-8c48425ef4a7/2883082556.jpg,1207,651,2025-03-14 17:06:46,2883082556,https://inaturalist-open-data.s3.amazonaws.com/photos/98572714/original.jpg,2883082556,50c9509d-22c7-4a22-a47d-8c48425ef4a7,9237031,6950,797,9237031,Adult,30.994268,-91.364469,2020-10-03T07:18,0,
50c9509d-22c7-4a22-a47d-8c48425ef4a7/2823186449.jpg,1536,2048,2025-03-14 17:06:59,2823186449,https://inaturalist-open-data.s3.amazonaws.com/photos/85805580/original.jpg,2823186449,50c9509d-22c7-4a22-a47d-8c48425ef4a7,9237031,6950,797,9237031,Adult,32.661247,-87.314872,2020-07-22T05:04:40,0,
50c9509d-22c7-4a22-a47d-8c48425ef4a7/2818585278_1.jpg,1536,2048,2025-03-14 17:06:48,2818585278,https://inaturalist-open-data.s3.amazonaws.com/photos/84411328/original.jpeg,2818585278,50c9509d-22c7-4a22-a47d-8c48425ef4a7,9237031,6950,797,9237031,Adult,25.618277,-100.359886,2020-07-14T09:22:51,1,
750b7bfc-3577-4b26-8aaf-3e4be9f0d639/2816209621.jpg,3200,2133,2025-03-14 17:06:33,2816209621,https://ecdysis.org/imglib/ecdysis/ASU_ASUHIC/ASUHIC0109/ASUHIC0109029_habitus_dorsal_1576621549_lg.jpg,2816209621,750b7bfc-3577-4b26-8aaf-3e4be9f0d639,1976364,6950,797,1976364,Adult,8.861111,-82.74333,2013-02-14,0,
040c5662-da76-4782-a48e-cdea1892d14c/2633842564.jpg,640,342,2025-03-14 17:07:18,2633842564,http://www.boldsystems.org/pics/BLPAA/17-SRNP-105710-DHJ698689+1528306074.JPG,2633842564,040c5662-da76-4782-a48e-cdea1892d14c,1811258,4532185,797,10000906,Adult,10.82875,-85.40298,2017-09-19,0,
040c5662-da76-4782-a48e-cdea1892d14c/2633765675.jpg,639,347,2025-03-14 17:07:08,2633765675,http://www.boldsystems.org/pics/BLPDV/18-SRNP-100687-DHJ701774+1551716472.JPG,2633765675,040c5662-da76-4782-a48e-cdea1892d14c,1811258,4532185,797,10000906,Adult,10.99689,-85.45679,2018-02-13,0,
040c5662-da76-4782-a48e-cdea1892d14c/2633756514.jpg,640,333,2025-03-14 17:07:33,2633756514,http://www.boldsystems.org/pics/BLPAA/17-SRNP-105963-DHJ698942+1528306076.JPG,2633756514,040c5662-da76-4782-a48e-cdea1892d14c,1811258,4532185,797,10000906,Adult,10.82875,-85.40298,2017-09-20,0,
040c5662-da76-4782-a48e-cdea1892d14c/2633751636.jpg,639,297,2025-03-14 17:07:31,2633751636,http://www.boldsystems.org/pics/BLPAA/17-SRNP-106534-DHJ699513+1528306114.JPG,2633751636,040c5662-da76-4782-a48e-cdea1892d14c,1811258,4532185,797,10000906,Adult,10.82875,-85.40298,2017-10-19,0,
040c5662-da76-4782-a48e-cdea1892d14c/2633748477.jpg,640,256,2025-03-14 17:07:21,2633748477,http://www.boldsystems.org/pics/BLPAA/17-SRNP-106290-DHJ699269+1528306114.JPG,2633748477,040c5662-da76-4782-a48e-cdea1892d14c,1811258,4532185,797,10000906,Adult,10.82875,-85.40298,2017-10-18,0,
040c5662-da76-4782-a48e-cdea1892d14c/2633617594.jpg,640,316,2025-03-14 17:07:28,2633617594,http://www.boldsystems.org/pics/BLPDF/18-SRNP-104941-DHJ706028+1683302722.JPG,2633617594,040c5662-da76-4782-a48e-cdea1892d14c,1811258,4532185,797,10000906,Adult,10.99689,-85.45679,2018-08-08,0,
040c5662-da76-4782-a48e-cdea1892d14c/2633601523.jpg,639,350,2025-03-14 17:07:22,2633601523,http://www.boldsystems.org/pics/BLPDF/18-SRNP-106119-DHJ707206+1683302862.JPG,2633601523,040c5662-da76-4782-a48e-cdea1892d14c,1811258,4532185,797,10000906,Adult,10.99689,-85.45679,2018-10-08,0,
040c5662-da76-4782-a48e-cdea1892d14c/2633599567.jpg,640,289,2025-03-14 17:07:24,2633599567,http://www.boldsystems.org/pics/BLPDF/18-SRNP-106487-DHJ707574+1683302910.JPG,2633599567,040c5662-da76-4782-a48e-cdea1892d14c,1811258,4532185,797,10000906,Adult,10.92691,-85.46822,2018-10-10,0,
040c5662-da76-4782-a48e-cdea1892d14c/2633597634.jpg,639,323,2025-03-14 17:07:37,2633597634,http://www.boldsystems.org/pics/BLPDV/18-SRNP-100685-DHJ701772+1683301698.JPG,2633597634,040c5662-da76-4782-a48e-cdea1892d14c,1811258,4532185,797,10000906,Adult,10.99689,-85.45679,2018-02-13,0,
040c5662-da76-4782-a48e-cdea1892d14c/2633597634_1.jpg,639,323,2025-03-14 17:07:15,2633597634,http://www.boldsystems.org/pics/BLPDV/18-SRNP-100685-DHJ701772+1551716472.JPG,2633597634,040c5662-da76-4782-a48e-cdea1892d14c,1811258,4532185,797,10000906,Adult,10.99689,-85.45679,2018-02-13,1,
040c5662-da76-4782-a48e-cdea1892d14c/2633583591.jpg,640,300,2025-03-14 17:07:30,2633583591,http://www.boldsystems.org/pics/BLPDF/18-SRNP-104939-DHJ706026+1683302722.JPG,2633583591,040c5662-da76-4782-a48e-cdea1892d14c,1811258,4532185,797,10000906,Adult,10.99689,-85.45679,2018-08-08,0,
040c5662-da76-4782-a48e-cdea1892d14c/2633581604.jpg,639,304,2025-03-14 17:07:27,2633581604,http://www.boldsystems.org/pics/BLPDF/18-SRNP-103705-DHJ704792+1683301920.JPG,2633581604,040c5662-da76-4782-a48e-cdea1892d14c,1811258,4532185,797,10000906,Adult,10.99689,-85.45679,2018-06-12,0,
040c5662-da76-4782-a48e-cdea1892d14c/2633580641.jpg,640,302,2025-03-14 17:07:20,2633580641,http://www.boldsystems.org/pics/BLPDV/18-SRNP-101691-DHJ702778+1551716562.JPG,2633580641,040c5662-da76-4782-a48e-cdea1892d14c,1811258,4532185,797,10000906,Adult,10.76631,-85.30099,2018-03-19,0,
040c5662-da76-4782-a48e-cdea1892d14c/2633575766.jpg,640,277,2025-03-14 17:07:08,2633575766,http://www.boldsystems.org/pics/BLPDV/18-SRNP-100851-DHJ701938+1551716510.JPG,2633575766,040c5662-da76-4782-a48e-cdea1892d14c,1811258,4532185,797,10000906,Adult,10.99689,-85.45679,2018-02-14,0,
040c5662-da76-4782-a48e-cdea1892d14c/2633575766_1.jpg,640,277,2025-03-14 17:07:06,2633575766,http://www.boldsystems.org/pics/BLPDV/18-SRNP-100851-DHJ701938+1683301706.JPG,2633575766,040c5662-da76-4782-a48e-cdea1892d14c,1811258,4532185,797,10000906,Adult,10.99689,-85.45679,2018-02-14,1,
040c5662-da76-4782-a48e-cdea1892d14c/2633303518.jpg,639,327,2025-03-14 17:07:14,2633303518,http://www.boldsystems.org/pics/BLPAA/17-SRNP-106674-DHJ699653+1528306116.JPG,2633303518,040c5662-da76-4782-a48e-cdea1892d14c,1811258,4532185,797,10000906,Adult,10.76631,-85.30099,2017-10-22,0,
040c5662-da76-4782-a48e-cdea1892d14c/2633165690.jpg,640,338,2025-03-14 17:07:23,2633165690,http://www.boldsystems.org/pics/BLPDV/18-SRNP-100686-DHJ701773+1683301698.JPG,2633165690,040c5662-da76-4782-a48e-cdea1892d14c,1811258,4532185,797,10000906,Adult,10.99689,-85.45679,2018-02-13,0,
040c5662-da76-4782-a48e-cdea1892d14c/2633157808.jpg,640,341,2025-03-14 17:07:29,2633157808,http://www.boldsystems.org/pics/BLPDV/18-SRNP-102182-DHJ703269+1551985544.JPG,2633157808,040c5662-da76-4782-a48e-cdea1892d14c,1811258,4532185,797,10000906,Adult,10.99689,-85.45679,2018-05-14,0,
040c5662-da76-4782-a48e-cdea1892d14c/2633149551.jpg,640,297,2025-03-14 17:07:29,2633149551,http://www.boldsystems.org/pics/BLPDF/18-SRNP-103707-DHJ704794+1683301920.JPG,2633149551,040c5662-da76-4782-a48e-cdea1892d14c,1811258,4532185,797,10000906,Adult,10.99689,-85.45679,2018-06-12,0,
040c5662-da76-4782-a48e-cdea1892d14c/2633144598.jpg,640,375,2025-03-14 17:07:25,2633144598,http://www.boldsystems.org/pics/BLPDF/18-SRNP-106118-DHJ707205+1683302862.JPG,2633144598,040c5662-da76-4782-a48e-cdea1892d14c,1811258,4532185,797,10000906,Adult,10.99689,-85.45679,2018-10-08,0,
040c5662-da76-4782-a48e-cdea1892d14c/2633136567.jpg,640,297,2025-03-14 17:07:27,2633136567,http://www.boldsystems.org/pics/BLPDF/18-SRNP-104943-DHJ706030+1683302722.JPG,2633136567,040c5662-da76-4782-a48e-cdea1892d14c,1811258,4532185,797,10000906,Adult,10.99689,-85.45679,2018-08-08,0,
040c5662-da76-4782-a48e-cdea1892d14c/2633134688.jpg,640,407,2025-03-14 17:07:17,2633134688,http://www.boldsystems.org/pics/BLPDV/18-SRNP-102120-DHJ703207+1551985514.JPG,2633134688,040c5662-da76-4782-a48e-cdea1892d14c,1811258,4532185,797,10000906,Adult,10.80348,-85.32729,2018-04-16,0,
040c5662-da76-4782-a48e-cdea1892d14c/2633134562.jpg,640,315,2025-03-14 17:07:25,2633134562,http://www.boldsystems.org/pics/BLPDF/18-SRNP-105815-DHJ706902+1683302826.JPG,2633134562,040c5662-da76-4782-a48e-cdea1892d14c,1811258,4532185,797,10000906,Adult,10.92956,-85.46512,2018-09-13,0,
040c5662-da76-4782-a48e-cdea1892d14c/2633132627.jpg,640,283,2025-03-14 17:07:16,2633132627,http://www.boldsystems.org/pics/BLPDV/18-SRNP-100689-DHJ701776+1551716472.JPG,2633132627,040c5662-da76-4782-a48e-cdea1892d14c,1811258,4532185,797,10000906,Adult,10.99689,-85.45679,2018-02-13,0,
50c9509d-22c7-4a22-a47d-8c48425ef4a7/2557781135.jpg,2048,1536,2025-03-14 17:06:55,2557781135,https://inaturalist-open-data.s3.amazonaws.com/photos/59544664/original.jpeg,2557781135,50c9509d-22c7-4a22-a47d-8c48425ef4a7,9237031,6950,797,9237031,Adult,21.332794,-104.58811,2020-01-07T21:21,0,
cca13f2c-0d2c-4c2f-93b9-4446c0cc1629/2542784640.jpg,125,80,2025-03-14 17:06:51,2542784640,https://bugguide.net/images/cache/IHO/H4H/IHOH4HCH2H2ZILNZ5LPZHLGZSL6Z0LEZQLGZ0LEZ8LFHILUZRL1HLLAH7HAH4HVH0LGZQL2ZMHTHQLPZ8HLRUHAZXL9Z.jpg,2542784640,cca13f2c-0d2c-4c2f-93b9-4446c0cc1629,9237031,6950,797,9237031,Adult,,,2018,0,
cca13f2c-0d2c-4c2f-93b9-4446c0cc1629/2542784618.jpg,125,109,2025-03-14 17:07:04,2542784618,https://bugguide.net/images/cache/SR3/ZIR/SR3ZIRJZ5RNLSZDLXZ1LXZOL0ZBLERQH2RCL4RVLKZTL2R3ZLZJZYL3ZMR3ZMRFZHZELKZHHXZKHMRKHIRWLXRCZ4RRH.jpg,2542784618,cca13f2c-0d2c-4c2f-93b9-4446c0cc1629,9237031,6950,797,9237031,Adult,,,2019,0,
50c9509d-22c7-4a22-a47d-8c48425ef4a7/2465206020.jpg,272,203,2025-03-14 17:07:04,2465206020,https://inaturalist-open-data.s3.amazonaws.com/photos/56814754/original.jpg,2465206020,50c9509d-22c7-4a22-a47d-8c48425ef4a7,9237031,6950,797,9237031,Adult,32.69644,-87.259482,2008-05-14T22:01,0,
323b0e80-5e4b-4cc4-936a-d93fc8cae9bc/2432248760.jpg,1525,1144,2025-03-14 17:06:36,2432248760,https://ecdysis.org/imglib/scan/CSU_CSUC/CSU_ENT1010/CSU_ENT1010624_1-2_1480976104.jpg,2432248760,323b0e80-5e4b-4cc4-936a-d93fc8cae9bc,1811258,4532185,797,1811258,Adult,8.785335,-82.959259,2001-03-08,0,
323b0e80-5e4b-4cc4-936a-d93fc8cae9bc/2432248596.jpg,1707,1280,2025-03-14 17:06:37,2432248596,https://ecdysis.org/imglib/scan/CSU_CSUC/CSU_ENT1010/CSU_ENT1010627_1-2_1480976158_lg.jpg,2432248596,323b0e80-5e4b-4cc4-936a-d93fc8cae9bc,1811258,4532185,797,1811258,Adult,8.785335,-82.959259,2001-03-08,0,
323b0e80-5e4b-4cc4-936a-d93fc8cae9bc/2432247422.jpg,688,516,2025-03-14 17:06:38,2432247422,https://ecdysis.org/imglib/scan/CSU_CSUC/CSU_ENT1010/CSU_ENT1010615_1-6_1603_1480976018.jpg,2432247422,323b0e80-5e4b-4cc4-936a-d93fc8cae9bc,1811258,4532185,797,1811258,Adult,23.033788,-99.150391,2003-10-13,0,
50c9509d-22c7-4a22-a47d-8c48425ef4a7/2294585583.jpg,1696,1258,2025-03-14 17:06:49,2294585583,https://inaturalist-open-data.s3.amazonaws.com/photos/45486437/original.jpg,2294585583,50c9509d-22c7-4a22-a47d-8c48425ef4a7,9237031,6950,797,9237031,Adult,32.573792,-85.945671,2019-07-19T20:22:33Z,0,
040c5662-da76-4782-a48e-cdea1892d14c/2250793305.jpg,640,427,2025-03-14 17:06:37,2250793305,http://www.boldsystems.org/pics/LNCB/06-NCCC-1215+1152889386.jpg,2250793305,040c5662-da76-4782-a48e-cdea1892d14c,9237031,6950,797,10453144,Adult,34.768,-76.764,2006-06-15,0,
040c5662-da76-4782-a48e-cdea1892d14c/2248793050.jpg,640,427,2025-03-14 17:07:17,2248793050,http://www.boldsystems.org/pics/BLPCP/08-SRNP-104931_DHJ628995+1225140780.jpg,2248793050,040c5662-da76-4782-a48e-cdea1892d14c,1811258,4532185,797,10000906,Adult,11.0,-85.456,2006-08-01,0,
040c5662-da76-4782-a48e-cdea1892d14c/2248790754.jpg,640,427,2025-03-14 17:07:29,2248790754,http://www.boldsystems.org/pics/BLPCP/08-SRNP-105021_DHJ629085+1225207472.jpg,2248790754,040c5662-da76-4782-a48e-cdea1892d14c,1811258,4532185,797,10000906,Adult,11.0,-85.456,2006-08-02,0,
040c5662-da76-4782-a48e-cdea1892d14c/2248781676.jpg,640,427,2025-03-14 17:07:27,2248781676,http://www.boldsystems.org/pics/BLARA/07-SRNP-109589_DHJ619553+1199755610.jpg,2248781676,040c5662-da76-4782-a48e-cdea1892d14c,1811258,4532185,797,10000906,Adult,10.997,-85.457,2007-11-07,0,
040c5662-da76-4782-a48e-cdea1892d14c/2248781167.jpg,640,427,2025-03-14 17:07:21,2248781167,http://www.boldsystems.org/pics/BLARA/07-SRNP-106620_DHJ616584+1188248366.jpg,2248781167,040c5662-da76-4782-a48e-cdea1892d14c,1811258,4532185,797,10000906,Adult,10.884,-85.473,2007-08-10,0,
040c5662-da76-4782-a48e-cdea1892d14c/2248780041.jpg,640,427,2025-03-14 17:07:14,2248780041,http://www.boldsystems.org/pics/BLARA/07-SRNP-107505_DHJ617469+1190738336.jpg,2248780041,040c5662-da76-4782-a48e-cdea1892d14c,1811258,4532185,797,10000906,Adult,10.894,-85.436,2007-08-12,0,
040c5662-da76-4782-a48e-cdea1892d14c/2248774865.jpg,640,427,2025-03-14 17:07:16,2248774865,http://www.boldsystems.org/pics/BLPBE/07-SRNP-100968_DHJ610932+1173898798.jpg,2248774865,040c5662-da76-4782-a48e-cdea1892d14c,1811258,4532185,797,10000906,Adult,10.989,-85.426,2007-02-17,0,
040c5662-da76-4782-a48e-cdea1892d14c/2248774636.jpg,640,427,2025-03-14 17:07:04,2248774636,http://www.boldsystems.org/pics/BLPBE/07-SRNP-100967_DHJ610931+1173898756.jpg,2248774636,040c5662-da76-4782-a48e-cdea1892d14c,1811258,4532185,797,10000906,Adult,10.989,-85.426,2007-02-17,0,
040c5662-da76-4782-a48e-cdea1892d14c/2248772783.jpg,640,427,2025-03-14 17:07:26,2248772783,http://www.boldsystems.org/pics/BLPBC/06-SRNP-109502_DHJ609502+1199992320.jpg,2248772783,040c5662-da76-4782-a48e-cdea1892d14c,1811258,4532185,797,10000906,Adult,10.88,-85.389,2006-11-22,0,
040c5662-da76-4782-a48e-cdea1892d14c/2248772669.jpg,640,427,2025-03-14 17:07:14,2248772669,http://www.boldsystems.org/pics/BLPBB/06-SRNP-108479_DHJ608479+1199992200.jpg,2248772669,040c5662-da76-4782-a48e-cdea1892d14c,1811258,4532185,797,10000906,Adult,11.0,-85.456,2006-11-19,0,
040c5662-da76-4782-a48e-cdea1892d14c/2248772564.jpg,640,427,2025-03-14 17:07:15,2248772564,http://www.boldsystems.org/pics/BLPBC/06-SRNP-109504_DHJ609504+1199992320.jpg,2248772564,040c5662-da76-4782-a48e-cdea1892d14c,1811258,4532185,797,10000906,Adult,10.88,-85.389,2006-11-22,0,
040c5662-da76-4782-a48e-cdea1892d14c/2248771551.jpg,640,427,2025-03-14 17:07:18,2248771551,http://www.boldsystems.org/pics/BLPBC/06-SRNP-109284_DHJ609284+1199992320.jpg,2248771551,040c5662-da76-4782-a48e-cdea1892d14c,1811258,4532185,797,10000906,Adult,10.88,-85.389,2006-11-21,0,
040c5662-da76-4782-a48e-cdea1892d14c/2248770966.jpg,640,427,2025-03-14 17:07:21,2248770966,http://www.boldsystems.org/pics/BLPBA/06-SRNP-107999_DHJ607999+1199992080.jpg,2248770966,040c5662-da76-4782-a48e-cdea1892d14c,1811258,4532185,797,10000906,Adult,11.0,-85.456,2006-10-20,0,
040c5662-da76-4782-a48e-cdea1892d14c/2248770422.jpg,640,427,2025-03-14 17:07:33,2248770422,http://www.boldsystems.org/pics/BLPBA/06-SRNP-107196_DHJ607196+1199992020.jpg,2248770422,040c5662-da76-4782-a48e-cdea1892d14c,1811258,4532185,797,10000906,Adult,10.813,-85.402,2006-09-21,0,
040c5662-da76-4782-a48e-cdea1892d14c/2248769724.jpg,640,427,2025-03-14 17:07:26,2248769724,http://www.boldsystems.org/pics/BLARB/06-SRNP-106974_DHJ606974+1162495044.jpg,2248769724,040c5662-da76-4782-a48e-cdea1892d14c,1811258,4532185,797,10000906,Adult,10.813,-85.402,2006-08-29,0,
cca13f2c-0d2c-4c2f-93b9-4446c0cc1629/1847185840.jpg,125,94,2025-03-14 17:06:46,1847185840,https://bugguide.net/images/cache/FH9/HLR/FH9HLRWHVH5L4ZZLEZRL6ZLLNZ5LVZ6HLREHFHML8ZRLVHKLVZILVZIL5ZZL6ZKL8Z5HEZHL1HKLVZGLFHXH4Z4HVH.jpg,1847185840,cca13f2c-0d2c-4c2f-93b9-4446c0cc1629,9237031,6950,797,9237031,Adult,,,2013,0,
cca13f2c-0d2c-4c2f-93b9-4446c0cc1629/1847185791.jpg,122,125,2025-03-14 17:07:04,1847185791,https://bugguide.net/images/cache/PQ1/04Q/PQ104QA0BQ2K5KDK4KDK8KBKRKAKGKY09QF0UQB09Q1K1Q307KRSVQ30GKVKLKVK1QTKXKLSVQT01QY0MKLS1QJ0AQ.jpg,1847185791,cca13f2c-0d2c-4c2f-93b9-4446c0cc1629,9237031,6950,797,9237031,Adult,,,2013,0,
cca13f2c-0d2c-4c2f-93b9-4446c0cc1629/1846939235.jpg,113,125,2025-03-14 17:06:47,1846939235,https://bugguide.net/images/cache/VK8/KDK/VK8KDKGK2KBQV0GQF0WQ10EQLS1QY0AQZSIKEK5Q6KZK6K4QV05QNKSK6KZKV0WQLSXKBKMKPK6QD05QEK2QD04Q.jpg,1846939235,cca13f2c-0d2c-4c2f-93b9-4446c0cc1629,9237031,6950,797,9237031,Adult,,,2006,0,
50c9509d-22c7-4a22-a47d-8c48425ef4a7/1841321990.jpg,600,347,2025-03-14 17:06:45,1841321990,https://inaturalist-open-data.s3.amazonaws.com/photos/17320352/original.jpg,1841321990,50c9509d-22c7-4a22-a47d-8c48425ef4a7,9237031,6950,797,9237031,Adult,32.788461,-86.871655,2018-04-29T20:18,0,
50c9509d-22c7-4a22-a47d-8c48425ef4a7/1838419724_1.jpg,1190,792,2025-03-14 17:06:59,1838419724,https://inaturalist-open-data.s3.amazonaws.com/photos/10714255/original.jpeg,1838419724,50c9509d-22c7-4a22-a47d-8c48425ef4a7,9237031,6950,797,9237031,Adult,29.547597,-82.290968,2017-09-22T21:24,1,
50c9509d-22c7-4a22-a47d-8c48425ef4a7/1621798170.jpg,1536,2048,2025-03-14 17:06:54,1621798170,https://inaturalist-open-data.s3.amazonaws.com/photos/9953987/original.jpg,1621798170,50c9509d-22c7-4a22-a47d-8c48425ef4a7,9237031,6950,797,9237031,Adult,36.440015,-84.990365,2017-08-21T23:03:16,0,
040c5662-da76-4782-a48e-cdea1892d14c/1416551716.jpg,639,426,2025-03-14 17:06:47,1416551716,http://www.boldsystems.org/pics/USLEP/IMG_1857+1278531220.jpg,1416551716,040c5662-da76-4782-a48e-cdea1892d14c,9237031,6950,797,10453144,Adult,27.25242,-82.29577,2010-03-19,0,
040c5662-da76-4782-a48e-cdea1892d14c/1416551681.jpg,640,427,2025-03-14 17:06:49,1416551681,http://www.boldsystems.org/pics/USLEP/IMG_1908+1278594274.JPG,1416551681,040c5662-da76-4782-a48e-cdea1892d14c,9237031,6950,797,10453144,Adult,27.27564,-82.26614,2010-03-20,0,
040c5662-da76-4782-a48e-cdea1892d14c/1416551673.jpg,640,427,2025-03-14 17:06:33,1416551673,http://www.boldsystems.org/pics/USLEP/IMG_1904+1278594974.jpg,1416551673,040c5662-da76-4782-a48e-cdea1892d14c,9237031,6950,797,10453144,Adult,27.25242,-82.29577,2010-03-19,0,
040c5662-da76-4782-a48e-cdea1892d14c/1416551661.jpg,640,427,2025-03-14 17:06:35,1416551661,http://www.boldsystems.org/pics/USLEP/IMG_1903+1278594956.jpg,1416551661,040c5662-da76-4782-a48e-cdea1892d14c,9237031,6950,797,10453144,Adult,27.25242,-82.29577,2010-03-19,0,
040c5662-da76-4782-a48e-cdea1892d14c/1416551653.jpg,640,427,2025-03-14 17:06:37,1416551653,http://www.boldsystems.org/pics/USLEP/IMG_1902+1278594944.jpg,1416551653,040c5662-da76-4782-a48e-cdea1892d14c,9237031,6950,797,10453144,Adult,27.25242,-82.29577,2010-03-19,0,
040c5662-da76-4782-a48e-cdea1892d14c/1416551645.jpg,640,427,2025-03-14 17:06:40,1416551645,http://www.boldsystems.org/pics/USLEP/IMG_1901+1278594928.jpg,1416551645,040c5662-da76-4782-a48e-cdea1892d14c,9237031,6950,797,10453144,Adult,27.67651,-82.3799,2010-03-24,0,
040c5662-da76-4782-a48e-cdea1892d14c/1415700399.jpg,639,428,2025-03-14 17:06:43,1415700399,http://www.boldsystems.org/pics/LILLA/IMG_4748+1314714412.jpg,1415700399,040c5662-da76-4782-a48e-cdea1892d14c,9237031,6950,797,9836171,Adult,38.226,-88.185,2010-06-06,0,
040c5662-da76-4782-a48e-cdea1892d14c/1415507252.jpg,639,448,2025-03-14 17:06:46,1415507252,http://www.boldsystems.org/pics/GWORL/BC_ZSM_Lep_05521+1244045008.JPG,1415507252,040c5662-da76-4782-a48e-cdea1892d14c,9237031,6950,797,10453144,Adult,18.4167,-77.9667,1994-11-30,0,
040c5662-da76-4782-a48e-cdea1892d14c/1414182776.jpg,640,427,2025-03-14 17:07:33,1414182776,http://www.boldsystems.org/pics/BLPEF/13-SRNP-100093-DHJ672814+1362762017.JPG,1414182776,040c5662-da76-4782-a48e-cdea1892d14c,1811258,4532185,797,10000906,Adult,10.76979,-85.28592,2013-02-09,0,
040c5662-da76-4782-a48e-cdea1892d14c/1414181533.jpg,639,346,2025-03-14 17:07:17,1414181533,http://www.boldsystems.org/pics/BLPEF/12-SRNP-104657-DHJ671590+1389907938.JPG,1414181533,040c5662-da76-4782-a48e-cdea1892d14c,1811258,4532185,797,10000906,Adult,10.76631,-85.30099,2012-08-16,0,
040c5662-da76-4782-a48e-cdea1892d14c/1414181164.jpg,640,427,2025-03-14 17:07:23,1414181164,http://www.boldsystems.org/pics/BLPEF/12-SRNP-104318-DHJ671251+1389907846.JPG,1414181164,040c5662-da76-4782-a48e-cdea1892d14c,1811258,4532185,797,10000906,Adult,10.76631,-85.30099,2012-07-19,0,
040c5662-da76-4782-a48e-cdea1892d14c/1414174627.jpg,640,427,2025-03-14 17:07:16,1414174627,http://www.boldsystems.org/pics/BLPEE/13-SRNP-104046-DHJ676767+1407854412.JPG,1414174627,040c5662-da76-4782-a48e-cdea1892d14c,1811258,4532185,797,10000906,Adult,10.76315,-85.33398,2013-11-03,0,
040c5662-da76-4782-a48e-cdea1892d14c/1414174622.jpg,640,427,2025-03-14 17:07:35,1414174622,http://www.boldsystems.org/pics/BLPEE/13-SRNP-104047-DHJ676768+1407854412.JPG,1414174622,040c5662-da76-4782-a48e-cdea1892d14c,1811258,4532185,797,10000906,Adult,10.76315,-85.33398,2013-11-03,0,
040c5662-da76-4782-a48e-cdea1892d14c/1414167585.jpg,640,427,2025-03-14 17:07:20,1414167585,http://www.boldsystems.org/pics/BLPEC/11-SRNP-102841_DHJ663511+1305746826.jpg,1414167585,040c5662-da76-4782-a48e-cdea1892d14c,1811258,4532185,797,10000906,Adult,10.88009,-85.38887,2011-05-01,0,
040c5662-da76-4782-a48e-cdea1892d14c/1414167224.jpg,640,427,2025-03-14 17:07:23,1414167224,http://www.boldsystems.org/pics/BLPEB/11-SRNP-102468_DHJ663138+1305581886.jpg,1414167224,040c5662-da76-4782-a48e-cdea1892d14c,1811258,4532185,797,10000906,Adult,10.98931,-85.42581,2011-04-04,0,
040c5662-da76-4782-a48e-cdea1892d14c/1414166692.jpg,640,427,2025-03-14 17:07:06,1414166692,http://www.boldsystems.org/pics/BLPEB/11-SRNP-101945_DHJ662615+1303834566.jpg,1414166692,040c5662-da76-4782-a48e-cdea1892d14c,1811258,4532185,797,10000906,Adult,10.98518,-85.42811,2011-04-02,0,
040c5662-da76-4782-a48e-cdea1892d14c/1414166682.jpg,640,427,2025-03-14 17:07:20,1414166682,http://www.boldsystems.org/pics/BLPEB/11-SRNP-101946_DHJ662616+1303834572.jpg,1414166682,040c5662-da76-4782-a48e-cdea1892d14c,1811258,4532185,797,10000906,Adult,10.98518,-85.42811,2011-04-02,0,
040c5662-da76-4782-a48e-cdea1892d14c/1414165315.jpg,639,290,2025-03-14 17:07:23,1414165315,http://www.boldsystems.org/pics/BLPEA/11-SRNP-101495_DHJ662165+1302206264.jpg,1414165315,040c5662-da76-4782-a48e-cdea1892d14c,1811258,4532185,797,10000906,Adult,10.76631,-85.30099,2011-03-04,0,
040c5662-da76-4782-a48e-cdea1892d14c/1414165266.jpg,640,286,2025-03-14 17:07:29,1414165266,http://www.boldsystems.org/pics/BLPEA/11-SRNP-100532_DHJ661202+1297802208.jpg,1414165266,040c5662-da76-4782-a48e-cdea1892d14c,1811258,4532185,797,10000906,Adult,10.86623,-85.32693,2011-01-05,0,
040c5662-da76-4782-a48e-cdea1892d14c/1414164576.jpg,640,319,2025-03-14 17:07:17,1414164576,http://www.boldsystems.org/pics/BLPDZ/10-SRNP-115633_DHJ660508+1309189958.jpg,1414164576,040c5662-da76-4782-a48e-cdea1892d14c,1811258,4532185,797,10000906,Adult,10.76461,-85.30321,2010-11-05,0,
040c5662-da76-4782-a48e-cdea1892d14c/1414163018.jpg,640,396,2025-03-14 17:07:27,1414163018,http://www.boldsystems.org/pics/BLPDX/10-SRNP-113595_DHJ658470+1309896806.jpg,1414163018,040c5662-da76-4782-a48e-cdea1892d14c,1811258,4532185,797,10000906,Adult,10.81692,-85.34679,2010-09-07,0,
040c5662-da76-4782-a48e-cdea1892d14c/1414162903.jpg,640,251,2025-03-14 17:07:13,1414162903,http://www.boldsystems.org/pics/BLPDX/10-SRNP-113513_DHJ658388+1309896702.jpg,1414162903,040c5662-da76-4782-a48e-cdea1892d14c,1811258,4532185,797,10000906,Adult,10.81692,-85.34679,2010-09-07,0,
040c5662-da76-4782-a48e-cdea1892d14c/1414162503.jpg,640,427,2025-03-14 17:07:23,1414162503,http://www.boldsystems.org/pics/BLPDX/10-SRNP-114353_DHJ659228+1309897034.jpg,1414162503,040c5662-da76-4782-a48e-cdea1892d14c,1811258,4532185,797,10000906,Adult,10.81692,-85.34679,2010-10-06,0,
040c5662-da76-4782-a48e-cdea1892d14c/1414162264.jpg,640,427,2025-03-14 17:07:39,1414162264,http://www.boldsystems.org/pics/BLPDX/10-SRNP-114134_DHJ659009+1309896926.jpg,1414162264,040c5662-da76-4782-a48e-cdea1892d14c,1811258,4532185,797,10000906,Adult,10.77464,-85.35001,2010-10-05,0,
040c5662-da76-4782-a48e-cdea1892d14c/1414162240.jpg,639,274,2025-03-14 17:07:10,1414162240,http://www.boldsystems.org/pics/BLPDX/10-SRNP-113174_DHJ658049+1309896582.jpg,1414162240,040c5662-da76-4782-a48e-cdea1892d14c,1811258,4532185,797,10000906,Adult,10.77464,-85.35001,2010-09-06,0,
040c5662-da76-4782-a48e-cdea1892d14c/1414154813.jpg,640,313,2025-03-14 17:07:31,1414154813,http://www.boldsystems.org/pics/BLPDQ/10-SRNP-105535-DHJ650410+1274373426.jpg,1414154813,040c5662-da76-4782-a48e-cdea1892d14c,1811258,4532185,797,10000906,Adult,10.866,-85.326,2010-02-13,0,
040c5662-da76-4782-a48e-cdea1892d14c/1414154810.jpg,640,290,2025-03-14 17:07:15,1414154810,http://www.boldsystems.org/pics/BLPDQ/10-SRNP-105519-DHJ650394+1274374684.jpg,1414154810,040c5662-da76-4782-a48e-cdea1892d14c,1811258,4532185,797,10000906,Adult,10.866,-85.326,2010-02-13,0,
040c5662-da76-4782-a48e-cdea1892d14c/1414152123.jpg,640,328,2025-03-14 17:07:12,1414152123,http://www.boldsystems.org/pics/BLPDO/10-SRNP-102849-DHJ647724+1268245090.jpg,1414152123,040c5662-da76-4782-a48e-cdea1892d14c,1811258,4532185,797,10000906,Adult,10.868,-85.327,2010-01-15,0,
040c5662-da76-4782-a48e-cdea1892d14c/1414152010.jpg,639,321,2025-03-14 17:07:10,1414152010,http://www.boldsystems.org/pics/BLPDO/10-SRNP-102746-DHJ647621+1268232962.jpg,1414152010,040c5662-da76-4782-a48e-cdea1892d14c,1811258,4532185,797,10000906,Adult,10.868,-85.327,2010-01-15,0,
040c5662-da76-4782-a48e-cdea1892d14c/1414151548.jpg,639,272,2025-03-14 17:07:11,1414151548,http://www.boldsystems.org/pics/BLPDN/10-SRNP-100845-DHJ645720+1364927362.jpg,1414151548,040c5662-da76-4782-a48e-cdea1892d14c,1811258,4532185,797,10000906,Adult,10.864,-85.324,2010-01-12,0,
040c5662-da76-4782-a48e-cdea1892d14c/1414151460.jpg,639,289,2025-03-14 17:07:12,1414151460,http://www.boldsystems.org/pics/BLPDN/10-SRNP-100804-DHJ645679+1364927362.jpg,1414151460,040c5662-da76-4782-a48e-cdea1892d14c,1811258,4532185,797,10000906,Adult,10.866,-85.326,2010-01-12,0,
040c5662-da76-4782-a48e-cdea1892d14c/1414149786.jpg,639,364,2025-03-14 17:07:36,1414149786,http://www.boldsystems.org/pics/BLPDN/10-SRNP-101301-DHJ646176+1364927380.jpg,1414149786,040c5662-da76-4782-a48e-cdea1892d14c,1811258,4532185,797,10000906,Adult,10.868,-85.327,2010-01-13,0,
040c5662-da76-4782-a48e-cdea1892d14c/1414149519.jpg,640,277,2025-03-14 17:07:30,1414149519,http://www.boldsystems.org/pics/BLPDM/09-SRNP-110374-DHJ643609+1364927002.jpg,1414149519,040c5662-da76-4782-a48e-cdea1892d14c,1811258,4532185,797,10000906,Adult,11.0,-85.456,2009-11-15,0,
040c5662-da76-4782-a48e-cdea1892d14c/1413900585.jpg,640,427,2025-03-14 17:07:16,1413900585,http://www.boldsystems.org/pics/ABLCW/_MG_4895+1273012264.JPG,1413900585,040c5662-da76-4782-a48e-cdea1892d14c,1811258,4532185,797,10000906,Adult,,,2006-09-25,0,
040c5662-da76-4782-a48e-cdea1892d14c/1413859005.jpg,640,638,2025-03-14 17:07:12,1413859005,http://www.boldsystems.org/pics/LTOLB/kn061096+1242661710.jpg,1413859005,040c5662-da76-4782-a48e-cdea1892d14c,1811258,4532185,797,10000906,Adult,9.394,-83.594,2006-06-27,0,
040c5662-da76-4782-a48e-cdea1892d14c/1413829182.jpg,640,427,2025-03-14 17:07:31,1413829182,http://www.boldsystems.org/pics/BLPDK/09-SRNP-105380_DHJ638615+1247499758.jpg,1413829182,040c5662-da76-4782-a48e-cdea1892d14c,1811258,4532185,797,10000906,Adult,10.77,-85.373,2009-06-21,0,
040c5662-da76-4782-a48e-cdea1892d14c/1413828287.jpg,640,307,2025-03-14 17:07:15,1413828287,http://www.boldsystems.org/pics/BLPDK/09-SRNP-106702_DHJ639937+1251474408.jpg,1413828287,040c5662-da76-4782-a48e-cdea1892d14c,1811258,4532185,797,10000906,Adult,10.927,-85.468,2009-07-23,0,
040c5662-da76-4782-a48e-cdea1892d14c/1413828101.jpg,640,288,2025-03-14 17:07:10,1413828101,http://www.boldsystems.org/pics/BLPDK/09-SRNP-106519_DHJ639754+1250176010.jpg,1413828101,040c5662-da76-4782-a48e-cdea1892d14c,1811258,4532185,797,10000906,Adult,10.927,-85.468,2009-07-21,0,
040c5662-da76-4782-a48e-cdea1892d14c/1413828100.jpg,639,303,2025-03-14 17:07:10,1413828100,http://www.boldsystems.org/pics/BLPDK/09-SRNP-106521_DHJ639756+1250176246.jpg,1413828100,040c5662-da76-4782-a48e-cdea1892d14c,1811258,4532185,797,10000906,Adult,10.927,-85.468,2009-07-21,0,
