<?xml version="1.0" encoding="utf-8"?>
<eml:eml xmlns:eml="https://eml.ecoinformatics.org/eml-2.2.0" xmlns:xsi="http://www.w3.org/2001/XMLSchema-instance"
         xsi:schemaLocation="https://eml.ecoinformatics.org/eml-2.2.0 https://rs.gbif.org/schema/eml-gbif-profile/1.3/eml.xsd"
packageId="7d560d26-12cb-4a0c-b2fb-74ffe750bc09"  system="http://gbif.org" scope="system"
xml:lang="en">
    <dataset>
        <title>GBIF Occurrence Download 0009446-250310093411724</title>
        <creator>
            <individualName>
                <surName>GBIF Download Service</surName>
            </individualName>
            <electronicMailAddress>support@gbif.org</electronicMailAddress>
        </creator>
        <metadataProvider>
            <individualName>
                <surName>GBIF Download Service</surName>
            </individualName>
            <electronicMailAddress>support@gbif.org</electronicMailAddress>
        </metadataProvider>
        <pubDate>
                2025-03-14
        </pubDate>
        <language>ENGLISH</language>
        <abstract>
            A dataset containing all occurrences available in GBIF matching the query:
{
  "TaxonKey" : [
    "is one of (Rhabdatomis laudamia Druce, 1885, Lophosis labeculata (Hulst, 1887), Trygodes amphion Schaus, 1912)"
  ]
}
The dataset includes records from the following constituent datasets. The full metadata for each constituent is also included in this archive:
2 records from University of Georgia Collection of Arthropods
19 records from Entomology Division, Yale Peabody Museum
17 records from Clemson University Arthropod Collection
1 records from Academy of Natural Sciences Entomology Collection
1 records from NABU|naturgucker
1 records from Archbold Biological Station Arthropod Collection
3 records from MPM Milwaukee Public Museum Invertebrate Zoology Collection
2 records from University of Alberta E. H. Strickland Entomological Museum (UASM)
1 records from Arizona State University Hasbrouck Insect Collection
1 records from The Albert J. Cook Arthropod Research Collection
2 records from Stuart M. Fullerton Collection of Arthropods (UCFC), University of Central Florida
20 records from Catálogo y recopilación de datos científicos de los lepidópteros nocturnos de México, pertenecientes a cinco familias
1 records from Natural History Museum Rotterdam - Specimens
284 records from Insecta of Costa Rica (INBio)
95 records from BugGuide - Identification, Images, &amp; Information For Insects, Spiders &amp; Their Kin For the United States &amp; Canada
43 records from C.P. Gillette Museum of Arthropod Diversity
3 records from NMNH Extant Specimen Records (USNM, US)
1 records from Cleveland Museum of Natural History
1 records from Entomology, Oslo (O) UiO
228 records from International Barcode of Life project (iBOL)
3 records from Biodiversidad de la Sierra Tarahumara. Lepidoptera: Mimallonoidea, Lasiocampoidea, Bombycoidea y Pyraloidea
64 records from INSDC Sequences
2 records from Computarización de la Colección Nacional de insectos Dr. Alfredo Barrera Marín del Museo de Historia Natural de la Ciudad de México (Lepidoptera)
1 records from Fauna asociada a plantaciones de palma de aceite en Guatemala
1 records from Lund University Biological Museum - Insect collections Inventory
13 records from North Carolina State University Insect Collection
21 records from University of Texas, Biodiversity Center, Entomology Collection (UTIC)
25 records from Mississippi Entomological Museum
1340 records from iNaturalist Research-grade Observations
13 records from The Lepidopterists' Society Season Summary

        </abstract>
        <contact>
            <individualName>
                <surName>GBIF Download Service</surName>
            </individualName>
            <electronicMailAddress>support@gbif.org</electronicMailAddress>
        </contact>

    </dataset>

    <additionalMetadata>
        <metadata>
            <gbif>
                <dateStamp>2025-03-14T23:59:16Z</dateStamp>
                <citation identifier="0009446-250310093411724">GBIF Occurrence Download 0009446-250310093411724</citation>
                <physical>
                    <objectName>Darwin Core Archive</objectName>
                    <characterEncoding>UTF-8</characterEncoding>
                    <dataFormat>
                        <externallyDefinedFormat>
                            <formatName>Darwin Core Archive</formatName>
                        </externallyDefinedFormat>
                    </dataFormat>
                    <distribution>
                        <online>
                            <url function="download">https://api.gbif.org/v1/occurrence/download/request/0009446-250310093411724.zip</url>
                        </online>
                    </distribution>
                </physical>
            </gbif>
        </metadata>
    </additionalMetadata>
    </eml:eml>
