<?xml version="1.0" encoding="utf-8"?>
<eml:eml xmlns:eml="https://eml.ecoinformatics.org/eml-2.2.0" xmlns:xsi="http://www.w3.org/2001/XMLSchema-instance"
         xsi:schemaLocation="https://eml.ecoinformatics.org/eml-2.2.0 https://rs.gbif.org/schema/eml-gbif-profile/1.3/eml.xsd"
packageId="20524cf7-66f8-49d2-a274-102e1090e502"  system="http://gbif.org" scope="system"
xml:lang="en">
    <dataset>
        <alternateIdentifier>10.15468/sxn8na</alternateIdentifier>
        <alternateIdentifier>https://ecdysis.org/collections/misc/collprofiles.php?collid=133</alternateIdentifier>
        <alternateIdentifier>https://scan-bugs.org:443/portal/collections/misc/collprofiles.php?collid=71</alternateIdentifier>
        <title>Academy of Natural Sciences Entomology Collection</title>
        <creator>
            <organizationName>Ecdysis Portal</organizationName>
            <onlineUrl>https://ecdysis.org/index.php</onlineUrl>
        </creator>
        <metadataProvider>
            <organizationName>Ecdysis Portal</organizationName>
            <onlineUrl>https://ecdysis.org/index.php</onlineUrl>
        </metadataProvider>
        <associatedParty>
            <individualName>
                <givenName>Jason</givenName>
                <surName>Weintraub</surName>
            </individualName>
            <positionName>Collection Manager</positionName>
            <electronicMailAddress>weintraub@ansp.org</electronicMailAddress>
            <role>CONTENT_PROVIDER</role>
        </associatedParty>
        <associatedParty>
            <individualName>
                <givenName>Jon</givenName>
                <surName>Gelhaus</surName>
            </individualName>
            <positionName>Curator</positionName>
            <electronicMailAddress>gelhaus@ansp.org</electronicMailAddress>
            <userId directory="https://orcid.org/">0000-0003-1249-6739</userId>
            <role>CONTENT_PROVIDER</role>
        </associatedParty>
        <associatedParty>
            <individualName>
                <givenName>Greg</givenName>
                <surName>Cowper</surName>
            </individualName>
            <positionName>Curatorial Assistant</positionName>
            <electronicMailAddress>cowper@ansp.org</electronicMailAddress>
            <role>CONTENT_PROVIDER</role>
        </associatedParty>
        <pubDate>
                2025-03-02
        </pubDate>
        <language>ENGLISH</language>
        <abstract>
            <para>Live specimen data from The Academy of Natural Sciences Entomology Collection. Established in 1812, the Entomology Department&amp;#39;s collections hold approximately four million insect specimens, of which more than 11,000 are primary types. Current research in the Entomology Department focuses on the taxonomy, systematics, biogeography, and behavior of worldwide Orthoptera and Tipuloidea, and the survey of aquatic insects of Mongolia. An index of the nearly 100,000 species in the collection can be found here.&amp;nbsp;</para>
        </abstract>
        <intellectualRights>
            <para>This work is licensed under a <ulink url="http://creativecommons.org/licenses/by-nc/4.0/legalcode"><citetitle>Creative Commons Attribution Non Commercial (CC-BY-NC) 4.0 License</citetitle></ulink>.</para>
        </intellectualRights>
        <licensed>
            <licenseName>Creative Commons Attribution Non Commercial 4.0 International</licenseName>
            <url>https://spdx.org/licenses/CC-BY-NC-4.0.html</url>
            <identifier>CC-BY-NC-4.0</identifier>
        </licensed>
        <distribution scope="document">
            <online>
                <url function="download">https://ecdysis.org/content/dwca/ANSP-ENT_DwC-A.zip</url>
            </online>
        </distribution>
        <contact>
            <organizationName>Academy of Natural Sciences Entomology Collection</organizationName>
            <electronicMailAddress>weintraub@ansp.org</electronicMailAddress>
            <onlineUrl>http://www.ansp.org</onlineUrl>
        </contact>

    </dataset>

    <additionalMetadata>
        <metadata>
            <gbif>
                <dateStamp>2025-03-14T23:59:14Z</dateStamp>
                <citation>Academy of Natural Sciences (2025). Academy of Natural Sciences Entomology Collection. Occurrence dataset https://doi.org/10.15468/sxn8na accessed via GBIF.org on 2025-03-14.</citation>
            </gbif>
        </metadata>
    </additionalMetadata>
    </eml:eml>
