<?xml version="1.0" encoding="utf-8"?>
<eml:eml xmlns:eml="https://eml.ecoinformatics.org/eml-2.2.0" xmlns:xsi="http://www.w3.org/2001/XMLSchema-instance"
         xsi:schemaLocation="https://eml.ecoinformatics.org/eml-2.2.0 https://rs.gbif.org/schema/eml-gbif-profile/1.3/eml.xsd"
packageId="26f5b360-8770-4d54-9c2d-397798a5e513"  system="http://gbif.org" scope="system"
xml:lang="en">
    <dataset>
        <alternateIdentifier>10.15468/c3oka6</alternateIdentifier>
        <alternateIdentifier>https://ipt.gbif.no/resource?r=o_lepidoptera</alternateIdentifier>
        <alternateIdentifier>https://data.gbif.no/ipt/resource?r=o_lepidoptera</alternateIdentifier>
        <alternateIdentifier>http://data.gbif.no/ipt/resource?r=o_lepidoptera</alternateIdentifier>
        <alternateIdentifier>http://dev.gbif.no/ipt/resource?r=o_lepidoptera</alternateIdentifier>
        <alternateIdentifier>http://gbif.no/ipt/resource?r=o_lepidoptera</alternateIdentifier>
        <alternateIdentifier>http://gbif.no/ipt/resource.do?r=o_lepidoptera</alternateIdentifier>
        <alternateIdentifier>26f5b360-8770-4d54-9c2d-397798a5e513</alternateIdentifier>
        <alternateIdentifier>1075</alternateIdentifier>
        <title>Entomology, Oslo (O) UiO</title>
        <creator>
            <organizationName>Natural History Museum, University of Oslo</organizationName>
            <address>
                <deliveryPoint>Sars gate 1</deliveryPoint>
                <city>Oslo</city>
                <postalCode>0318</postalCode>
                <country>NORWAY</country>
            </address>
            <phone>+47 22 85 16 30</phone>
            <electronicMailAddress>postmottak@nhm.uio.no</electronicMailAddress>
            <onlineUrl>https://www.nhm.uio.no</onlineUrl>
        </creator>
        <metadataProvider>
            <organizationName>GBIF Norway</organizationName>
            <address>
                <deliveryPoint>Sars gate 1</deliveryPoint>
                <city>Oslo</city>
                <administrativeArea>Norway</administrativeArea>
                <postalCode>0562</postalCode>
                <country>NORWAY</country>
            </address>
            <electronicMailAddress>helpdesk@gbif.no</electronicMailAddress>
            <onlineUrl>https://www.gbif.no</onlineUrl>
        </metadataProvider>
        <metadataProvider>
            <organizationName>GBIF Norway</organizationName>
            <address>
                <deliveryPoint>Sars gate 1</deliveryPoint>
                <city>Oslo</city>
                <administrativeArea>Norway</administrativeArea>
                <postalCode>0562</postalCode>
                <country>NORWAY</country>
            </address>
            <electronicMailAddress>helpdesk@gbif.no</electronicMailAddress>
            <onlineUrl>https://www.gbif.no</onlineUrl>
        </metadataProvider>
        <associatedParty>
            <individualName>
                <givenName>Geir Einar Ellefsen</givenName>
                <surName>Søli</surName>
            </individualName>
            <organizationName>Natural History Museum, University of Oslo</organizationName>
            <positionName>Associate Professor, Curator</positionName>
            <address>
                <deliveryPoint>Sars gate 1</deliveryPoint>
                <city>Oslo</city>
                <postalCode>0562</postalCode>
                <country>NORWAY</country>
            </address>
            <phone>+47-22851680</phone>
            <electronicMailAddress>g.e.e.soli@nhm.uio.no</electronicMailAddress>
            <onlineUrl>https://www.nhm.uio.no/english/about/organization/research-collections/people/geires/index.html</onlineUrl>
            <role>CURATOR</role>
        </associatedParty>
        <associatedParty>
            <individualName>
                <givenName>Vladimir</givenName>
                <surName>Gusarov</surName>
            </individualName>
            <organizationName>University of Oslo</organizationName>
            <positionName>Associate professor, curator</positionName>
            <address>
                <deliveryPoint>Sars gate 1</deliveryPoint>
                <city>Oslo</city>
                <administrativeArea>Norway</administrativeArea>
                <postalCode>0562</postalCode>
                <country>NORWAY</country>
            </address>
            <phone>+47 22851703</phone>
            <electronicMailAddress>vladimir.gusarov@nhm.uio.no</electronicMailAddress>
            <onlineUrl>https://www.nhm.uio.no/english/about/organization/research-collections/people/vladig/index.html</onlineUrl>
            <role>CURATOR</role>
        </associatedParty>
        <associatedParty>
            <individualName>
                <givenName>Lars Ove</givenName>
                <surName>Hansen</surName>
            </individualName>
            <organizationName>Natural History Museum, University of Oslo</organizationName>
            <positionName>Head engineer</positionName>
            <address>
                <deliveryPoint>Sars gate 1</deliveryPoint>
                <city>Oslo</city>
                <postalCode>0562</postalCode>
                <country>NORWAY</country>
            </address>
            <phone>+47-22851706</phone>
            <electronicMailAddress>l.o.hansen@nhm.uio.no</electronicMailAddress>
            <onlineUrl>https://www.nhm.uio.no/english/about/organization/research-collections/people/larsoh/index.html</onlineUrl>
            <userId directory="https://orcid.org/">0000-0002-6313-0529</userId>
            <role>CURATOR</role>
        </associatedParty>
        <pubDate>
                2025-03-12
        </pubDate>
        <language>ENGLISH</language>
        <abstract>
            <para>Entomological collections at Natural History Museum, University of Oslo</para>
        </abstract>
        <keywordSet>
            <keyword>Preserved specimens</keyword>
            <keywordThesaurus>GBIF Dataset Type Vocabulary: http://rs.gbif.org/vocabulary/gbif/dataset_type.xml</keywordThesaurus>
        </keywordSet>
        <keywordSet>
            <keyword>Specimen</keyword>
            <keywordThesaurus>GBIF Dataset Subtype Vocabulary: http://rs.gbif.org/vocabulary/gbif/dataset_subtype.xml</keywordThesaurus>
        </keywordSet>
        <keywordSet>
            <keyword>Occurrence</keyword>
            <keywordThesaurus>GBIF Dataset Type Vocabulary: http://rs.gbif.org/vocabulary/gbif/dataset_type_2015-07-10.xml</keywordThesaurus>
        </keywordSet>
        <keywordSet>
            <keyword>Natural history museum</keyword>
            <keyword>University of Oslo</keyword>
            <keywordThesaurus>n/a</keywordThesaurus>
        </keywordSet>
        <intellectualRights>
            <para>This work is licensed under a <ulink url="http://creativecommons.org/licenses/by/4.0/legalcode"><citetitle>Creative Commons Attribution (CC-BY) 4.0 License</citetitle></ulink>.</para>
        </intellectualRights>
        <licensed>
            <licenseName>Creative Commons Attribution 4.0 International</licenseName>
            <url>https://spdx.org/licenses/CC-BY-4.0.html</url>
            <identifier>CC-BY-4.0</identifier>
        </licensed>
        <distribution scope="document">
            <online>
                <url function="information">https://www.nhm.uio.no/samlinger/zoologi/insekt/</url>
            </online>
        </distribution>
        <distribution scope="document">
            <online>
                <url function="download">https://ipt.gbif.no/archive.do?r=o_lepidoptera</url>
            </online>
        </distribution>
        <coverage>
            <geographicCoverage>
                <geographicDescription>Mainly from Norway, but records from all over the world</geographicDescription>
                <boundingCoordinates>
                    <westBoundingCoordinate>-180</westBoundingCoordinate>
                    <eastBoundingCoordinate>180</eastBoundingCoordinate>
                    <northBoundingCoordinate>90</northBoundingCoordinate>
                    <southBoundingCoordinate>-90</southBoundingCoordinate>
                </boundingCoordinates>
            </geographicCoverage>
            <taxonomicCoverage>
                <taxonomicClassification>
                    <taxonRankName>Class</taxonRankName>
                    <taxonRankValue>Insecta</taxonRankValue>
                    <commonName>Insects</commonName>
                </taxonomicClassification>
            </taxonomicCoverage>
        </coverage>
        <maintenance>
            <description>
                <para></para>
            </description>
            <maintenanceUpdateFrequency>daily</maintenanceUpdateFrequency>
        </maintenance>
        <contact>
            <individualName>
                <givenName>Per Kristian</givenName>
                <surName>Slagsvold</surName>
            </individualName>
            <organizationName>Natural History Museum, University of Oslo</organizationName>
            <positionName>Head Engineer</positionName>
            <address>
                <deliveryPoint>Sars gate 1</deliveryPoint>
                <city>Oslo</city>
                <postalCode>0318</postalCode>
                <country>NORWAY</country>
            </address>
            <electronicMailAddress>p.k.slagsvold@nhm.uio.no</electronicMailAddress>
            <onlineUrl>https://www.nhm.uio.no/english/about/organization/technical-scientific-conservation/people/perksl/index.html</onlineUrl>
            <userId directory="https://orcid.org/">0000-0001-8648-3477</userId>
        </contact>
        <contact>
            <individualName>
                <givenName>Geir Einar Ellefsen</givenName>
                <surName>Søli</surName>
            </individualName>
            <organizationName>Natural History Museum, University of Oslo</organizationName>
            <positionName>Associate Professor</positionName>
            <address>
                <deliveryPoint>Postboks 1172, Blindern</deliveryPoint>
                <city>Oslo</city>
                <postalCode>0318</postalCode>
                <country>NORWAY</country>
            </address>
            <onlineUrl>https://www.nhm.uio.no/english/about/organization/research-collections/people/geires/index.html</onlineUrl>
            <userId directory="https://orcid.org/">0000-0001-5301-6995</userId>
        </contact>

    </dataset>

    <additionalMetadata>
        <metadata>
            <gbif>
                <dateStamp>2025-03-14T23:59:15Z</dateStamp>
                <citation>University of Oslo (2025). Entomology, Oslo (O) UiO. Version 1.2258. Occurrence dataset https://doi.org/10.15468/c3oka6 accessed via GBIF.org on 2025-03-14.</citation>
                <resourceLogoUrl>http://upload.wikimedia.org/wikipedia/commons/f/f4/UiO_logo.png</resourceLogoUrl>
                <collection>
                    <parentCollectionIdentifier>https://registry.gbif.org/collection/e5114135-f526-443e-8a25-874f09375187</parentCollectionIdentifier>
                    <collectionIdentifier>https://registry.gbif.org/collection/853380fc-d009-423b-add8-c5210bdf1b17</collectionIdentifier>
                    <collectionName>Entomology, Oslo (O) UiO</collectionName>
                </collection>
                <formationPeriod>1800-current</formationPeriod>
                <specimenPreservationMethod>ALCOHOL</specimenPreservationMethod>
            </gbif>
        </metadata>
    </additionalMetadata>
    </eml:eml>
