<?xml version="1.0" encoding="utf-8"?>
<eml:eml xmlns:eml="https://eml.ecoinformatics.org/eml-2.2.0" xmlns:xsi="http://www.w3.org/2001/XMLSchema-instance"
         xsi:schemaLocation="https://eml.ecoinformatics.org/eml-2.2.0 https://rs.gbif.org/schema/eml-gbif-profile/1.3/eml.xsd"
packageId="4c3b15bd-c98f-448c-9556-810fd82e8e30"  system="http://gbif.org" scope="system"
xml:lang="en">
    <dataset>
        <alternateIdentifier>10.15468/rsljus</alternateIdentifier>
        <alternateIdentifier>https://ecdysis.org/collections/misc/collprofiles.php?collid=100</alternateIdentifier>
        <alternateIdentifier>https://scan-bugs.org:443/portal/collections/misc/collprofiles.php?collid=56</alternateIdentifier>
        <title>University of Georgia Collection of Arthropods</title>
        <creator>
            <organizationName>Ecdysis Portal</organizationName>
            <onlineUrl>https://ecdysis.org/index.php</onlineUrl>
        </creator>
        <metadataProvider>
            <organizationName>Ecdysis Portal</organizationName>
            <onlineUrl>https://ecdysis.org/index.php</onlineUrl>
        </metadataProvider>
        <associatedParty>
            <individualName>
                <givenName>Joseph V.</givenName>
                <surName>McHugh</surName>
            </individualName>
            <positionName>Curator</positionName>
            <electronicMailAddress>mchugh.jv@gmail.com</electronicMailAddress>
            <role>CONTENT_PROVIDER</role>
        </associatedParty>
        <pubDate>
                2025-02-03
        </pubDate>
        <language>ENGLISH</language>
        <abstract>
            <para>The University of Georgia Collection of Arthropods (UGCA) serves as the official state repository of insects and other non-marine arthropods. The Collection is part of the UGA Department of Entomology and the Georgia Museum of Natural History (GMNH). The UGCA includes approximately 2,000,000 pinned specimens. In addition the collection houses significant alcohol-preserved and slide-mounted collections. Approximately 60% of the holdings are from the southeastern United States as is consistent with our mission to serve as the primary systematics reference for the state. More than 70% of that regional material is identified to the species level.</para>
        </abstract>
        <intellectualRights>
            <para>To the extent possible under law, the publisher has waived all rights to these data and has dedicated them to the <ulink url="http://creativecommons.org/publicdomain/zero/1.0/legalcode"><citetitle>Public Domain (CC0 1.0)</citetitle></ulink>. Users may copy, modify, distribute and use the work, including for commercial purposes, without restriction.</para>
        </intellectualRights>
        <licensed>
            <licenseName>Creative Commons Zero v1.0 Universal</licenseName>
            <url>https://spdx.org/licenses/CC0-1.0.html</url>
            <identifier>CC0-1.0</identifier>
        </licensed>
        <distribution scope="document">
            <online>
                <url function="download">https://ecdysis.org/content/dwca/GMNH-UGCA_DwC-A.zip</url>
            </online>
        </distribution>
        <contact>
            <organizationName>University of Georgia Collection of Arthropods</organizationName>
            <electronicMailAddress>mchugh.jv@gmail.com</electronicMailAddress>
            <onlineUrl>http://blog.caes.uga.edu/ugca/</onlineUrl>
        </contact>

    </dataset>

    <additionalMetadata>
        <metadata>
            <gbif>
                <dateStamp>2025-03-14T23:59:13Z</dateStamp>
                <citation>University of Georgia Collection of Arthropods (2025). University of Georgia Collection of Arthropods. Occurrence dataset https://doi.org/10.15468/rsljus accessed via GBIF.org on 2025-03-14.</citation>
            </gbif>
        </metadata>
    </additionalMetadata>
    </eml:eml>
