<?xml version="1.0" encoding="utf-8"?>
<eml:eml xmlns:eml="https://eml.ecoinformatics.org/eml-2.2.0" xmlns:xsi="http://www.w3.org/2001/XMLSchema-instance"
         xsi:schemaLocation="https://eml.ecoinformatics.org/eml-2.2.0 https://rs.gbif.org/schema/eml-gbif-profile/1.3/eml.xsd"
packageId="baf0dd21-64e7-46ea-95d0-e359c2f8e61b"  system="http://gbif.org" scope="system"
xml:lang="en">
    <dataset>
        <alternateIdentifier>10.15468/bx5e4m</alternateIdentifier>
        <alternateIdentifier>baf0dd21-64e7-46ea-95d0-e359c2f8e61b</alternateIdentifier>
        <alternateIdentifier>https://iptgt.conap.gob.gt/resource?r=registrosgrepalma</alternateIdentifier>
        <title>Fauna asociada a plantaciones de palma de aceite en Guatemala</title>
        <creator>
            <individualName>
                <givenName>José</givenName>
                <surName>Monzón Sierra</surName>
            </individualName>
            <positionName>Autor</positionName>
            <userId directory="https://orcid.org/">0000-0002-0733-1895</userId>
        </creator>
        <creator>
            <individualName>
                <givenName>Christian Tomás</givenName>
                <surName>Chinchilla Putzeys</surName>
            </individualName>
            <positionName>Autor</positionName>
        </creator>
        <creator>
            <individualName>
                <givenName>Luis Estuardo</givenName>
                <surName>González Martínez</surName>
            </individualName>
            <positionName>Autor</positionName>
        </creator>
        <creator>
            <individualName>
                <givenName>Anna Rocío</givenName>
                <surName>León Coloma</surName>
            </individualName>
            <positionName>Autor</positionName>
        </creator>
        <creator>
            <individualName>
                <givenName>Gabriela</givenName>
                <surName>Alfaro Marroquín</surName>
            </individualName>
            <organizationName>UVG</organizationName>
            <positionName>Directora Departamento de Biología</positionName>
            <userId directory="https://orcid.org/">0000-0002-3313-5919</userId>
        </creator>
        <creator>
            <individualName>
                <givenName>Gabriela</givenName>
                <surName>Fuentes Braeuner</surName>
            </individualName>
            <organizationName>CEAB</organizationName>
            <positionName>Directora</positionName>
            <userId directory="https://orcid.org/">0000-0003-0571-8081</userId>
        </creator>
        <creator>
            <individualName>
                <givenName>Daniel</givenName>
                <surName>Ariano Sánchez</surName>
            </individualName>
            <organizationName>UVG-CEAB</organizationName>
            <positionName>Investigador principal</positionName>
            <userId directory="https://orcid.org/">0000-0003-4955-5018</userId>
        </creator>
        <metadataProvider>
            <individualName>
                <givenName>Gabriela</givenName>
                <surName>Fuentes Braeuner</surName>
            </individualName>
            <organizationName>Centro de Estudios Ambientales y Biodiversidad Universidad del Valle de Guatemala</organizationName>
            <positionName>Directora</positionName>
            <electronicMailAddress>gmfuentes@uvg.edu.gt</electronicMailAddress>
            <userId directory="https://orcid.org/">0000-0003-0571-8081</userId>
        </metadataProvider>
        <metadataProvider>
            <individualName>
                <givenName>Gabriela</givenName>
                <surName>Alfaro Marroquín</surName>
            </individualName>
            <organizationName>Departamento de Biología de la Universidad del Valle de Guatemala</organizationName>
            <positionName>Directora</positionName>
            <electronicMailAddress>gaalfaro@uvg.edu.gt</electronicMailAddress>
            <userId directory="https://orcid.org/">0000-0002-3313-5919</userId>
        </metadataProvider>
        <associatedParty>
            <individualName>
                <givenName>Gabriela</givenName>
                <surName>Fuentes Braeuner</surName>
            </individualName>
            <organizationName>Centro de Estudios Ambientales y Biodiversidad Universidad del Valle de Guatemala</organizationName>
            <positionName>Directora</positionName>
            <electronicMailAddress>gmfuentes@uvg.edu.gt</electronicMailAddress>
            <role>USER</role>
        </associatedParty>
        <pubDate>
                2025-02-17
        </pubDate>
        <language>ENGLISH</language>
        <abstract>
            <para>Registros de observaciones de aves, mamíferos, reptiles, anfibios y mariposas dentro de cuatro plantaciones de Palma de Aceite (Elaeis guineensis) certificadas RSPO ubicadas en las regiones Petén (Grupo HAME), Izabal (NATURACEITES), Alta Verapaz (NATURACEITES) y Costa Sur (Grupo Hame), asociadas a GREPALMA. Los registros corresponden a observaciones resultantes del monitoreo de  biodiversidad llevado a cabo en el periodo de 2022-2023 en el estudio BIOGREPALMA liderado por el Centro de Estudios Ambientales y Biodiversidad  de la Universidad del Valle de Guatemala (CEAB-UVG).</para>
        </abstract>
        <keywordSet>
            <keyword>Franja Transversal del Norte</keyword>
            <keyword>fauna</keyword>
            <keyword>reptiles</keyword>
            <keyword>Izabal</keyword>
            <keyword>aves</keyword>
            <keyword>palma de aceite</keyword>
            <keyword>Petén</keyword>
            <keyword>mamíferos</keyword>
            <keyword>Costa Sur</keyword>
            <keyword>anfibios</keyword>
            <keyword>Guatemala</keyword>
            <keyword>Occurrence</keyword>
            <keyword>mariposas</keyword>
            <keywordThesaurus>GBIF Dataset Type Vocabulary: http://rs.gbif.org/vocabulary/gbif/dataset_type_2015-07-10.xml</keywordThesaurus>
        </keywordSet>
        <keywordSet>
            <keyword>Observation</keyword>
            <keywordThesaurus>GBIF Dataset Subtype Vocabulary: http://rs.gbif.org/vocabulary/gbif/dataset_subtype.xml</keywordThesaurus>
        </keywordSet>
        <intellectualRights>
            <para>This work is licensed under a <ulink url="http://creativecommons.org/licenses/by/4.0/legalcode"><citetitle>Creative Commons Attribution (CC-BY) 4.0 License</citetitle></ulink>.</para>
        </intellectualRights>
        <licensed>
            <licenseName>Creative Commons Attribution 4.0 International</licenseName>
            <url>https://spdx.org/licenses/CC-BY-4.0.html</url>
            <identifier>CC-BY-4.0</identifier>
        </licensed>
        <distribution scope="document">
            <online>
                <url function="download">https://iptgt.conap.gob.gt/archive.do?r=registrosgrepalma</url>
            </online>
        </distribution>
        <coverage>
            <geographicCoverage>
                <geographicDescription>Los registros se derivan de observaciones dentro de las regiones de Petén (Grupo HAME), Izabal (NATURACEITES), Alta Verapaz (NATURACEITES) y Costa Sur (Grupo Hame)</geographicDescription>
                <boundingCoordinates>
                    <westBoundingCoordinate>-93.164</westBoundingCoordinate>
                    <eastBoundingCoordinate>-88.11</eastBoundingCoordinate>
                    <northBoundingCoordinate>18.771</northBoundingCoordinate>
                    <southBoundingCoordinate>12.726</southBoundingCoordinate>
                </boundingCoordinates>
            </geographicCoverage>
        </coverage>
        <maintenance>
            <description>
                <para></para>
            </description>
            <maintenanceUpdateFrequency>unkown</maintenanceUpdateFrequency>
        </maintenance>
        <contact>
            <individualName>
                <givenName>Gabriela</givenName>
                <surName>Alfaro Marroquín</surName>
            </individualName>
            <organizationName>Departamento de Biología de la Universidad del Valle de Guatemala</organizationName>
            <positionName>Directora</positionName>
            <electronicMailAddress>galfaro@uvg.edu.gt</electronicMailAddress>
        </contact>
        <contact>
            <individualName>
                <givenName>Gabriela</givenName>
                <surName>Fuentes Braeuner</surName>
            </individualName>
            <organizationName>Centro de Estudios Ambientales y Biodiversidad Universidad del Valle de Guatemala</organizationName>
            <positionName>Directora</positionName>
            <electronicMailAddress>gmfuentes@uvg.edu.gt</electronicMailAddress>
            <userId directory="https://orcid.org/">0000-0003-0571-8081</userId>
        </contact>
        <contact>
            <individualName>
                <givenName>Gabriela</givenName>
                <surName>Alfaro Marroquín</surName>
            </individualName>
            <organizationName>Departamento de Biología Universidad del Valle de Guatemala</organizationName>
            <positionName>Directora</positionName>
            <electronicMailAddress>galfaro@uvg.edu.gt</electronicMailAddress>
            <userId directory="https://orcid.org/">0000-0002-3313-5919</userId>
        </contact>
        <methods>
            <methodStep>
                <description>
                    <para>Puntos de observación, caminatas ad libitum, trampas para insectos.</para>
                </description>
            </methodStep>
            <sampling>
                <studyExtent>
                    <description>
                        <para>Cuatro plantaciones de Palma de Aceite (Elaeis guineensis) certificadas RSPO ubicadas en las regiones Petén (Grupo HAME), Izabal (NATURACEITES), Alta Verapaz (NATURACEITES) y Costa Sur (Grupo Hame), asociadas a GREPALMA.</para>
                    </description>
                </studyExtent>
                <samplingDescription>
                    <para>Monitoreos diurnos y nocturnos de fauna</para>
                </samplingDescription>
            </sampling>
        </methods>

            <project id="CESP2022-010">
                <title>Estudio BIOGREPALMA</title>
                <personnel>
                    <individualName>
                    <givenName>Gabriela</givenName>
                    <surName>Alfaro Marroquín</surName>
                    </individualName>
            <userId directory="https://orcid.org/">0000-0002-3313-5919</userId>
                    <role>PRINCIPAL_INVESTIGATOR</role>
                </personnel>
                <personnel>
                    <individualName>
                    <givenName>Daniel</givenName>
                    <surName>Ariano Sánchez</surName>
                    </individualName>
            <userId directory="https://orcid.org/">0000-0003-4955-5018</userId>
                    <role>PRINCIPAL_INVESTIGATOR</role>
                </personnel>
                <personnel>
                    <individualName>
                    <givenName>José</givenName>
                    <surName>Monzón Sierra</surName>
                    </individualName>
            <userId directory="https://orcid.org/">0000-0002-0733-1895</userId>
                    <role>AUTHOR</role>
                </personnel>
                <personnel>
                    <individualName>
                    <givenName>Anna Rocío</givenName>
                    <surName>León Coloma</surName>
                    </individualName>
                    <role>AUTHOR</role>
                </personnel>
                <personnel>
                    <individualName>
                    <givenName>Christian</givenName>
                    <surName>Chinchilla</surName>
                    </individualName>
                    <role>AUTHOR</role>
                </personnel>
                <personnel>
                    <individualName>
                    <givenName>Luis</givenName>
                    <surName>González</surName>
                    </individualName>
                    <role>AUTHOR</role>
                </personnel>
                <abstract>
                    <para>Evaluación de los servicios ecosistémicos y biodiversidad asociada remanente, dentro de cuatro plantaciones de Palma de Aceite (Elaeis guineensis) certificadas RSPO ubicadas en las regiones Petén (Grupo HAME), Izabal (NATURACEITES), Alta Verapaz (NATURACEITES) y Costa Sur (Grupo Hame), asociadas a GREPALMA.</para>
                </abstract>
                <funding>
                    <para>GREPALMA</para>
                </funding>
            </project>
    </dataset>

    <additionalMetadata>
        <metadata>
            <gbif>
                <dateStamp>2025-03-14T23:59:15Z</dateStamp>
                <citation>Monzón Sierra J, Chinchilla Putzeys C T, González Martínez L E, León Coloma A R, Alfaro Marroquín G, Fuentes Braeuner G, Ariano Sánchez D (2025). Fauna asociada a plantaciones de palma de aceite en Guatemala. Version 1.13. Universidad del Valle de Guatemala. Occurrence dataset https://doi.org/10.15468/bx5e4m accessed via GBIF.org on 2025-03-14.</citation>
            </gbif>
        </metadata>
    </additionalMetadata>
    </eml:eml>
