<?xml version="1.0" encoding="utf-8"?>
<eml:eml xmlns:eml="https://eml.ecoinformatics.org/eml-2.2.0" xmlns:xsi="http://www.w3.org/2001/XMLSchema-instance"
         xsi:schemaLocation="https://eml.ecoinformatics.org/eml-2.2.0 https://rs.gbif.org/schema/eml-gbif-profile/1.3/eml.xsd"
packageId="c081d6d4-cb80-45b3-b9cd-dab5568b8c5e"  system="http://gbif.org" scope="system"
xml:lang="en">
    <dataset>
        <alternateIdentifier>10.15468/d1zyd0</alternateIdentifier>
        <alternateIdentifier>c081d6d4-cb80-45b3-b9cd-dab5568b8c5e</alternateIdentifier>
        <alternateIdentifier>http://ipt.idigbio.org/resource?r=mpm-invert</alternateIdentifier>
        <title>MPM Milwaukee Public Museum Invertebrate Zoology Collection</title>
        <creator>
            <individualName>
                <givenName>Julia</givenName>
                <surName>Colby</surName>
            </individualName>
            <organizationName>Milwaukee Public Museum</organizationName>
            <address>
                <deliveryPoint>800 West Wells Street</deliveryPoint>
                <city>Milwaukee</city>
                <administrativeArea>Wisconsin</administrativeArea>
                <postalCode>53233-1478</postalCode>
                <country>UNITED_STATES</country>
            </address>
            <phone>1-414-278-2760</phone>
            <electronicMailAddress>colby@mpm.edu</electronicMailAddress>
        </creator>
        <metadataProvider>
            <individualName>
                <givenName>Julia</givenName>
                <surName>Colby</surName>
            </individualName>
            <organizationName>Milwaukee Public Museum</organizationName>
            <address>
                <deliveryPoint>800 West Wells Street</deliveryPoint>
                <city>Milwaukee</city>
                <administrativeArea>Wisconsin</administrativeArea>
                <postalCode>53233-1478</postalCode>
                <country>UNITED_STATES</country>
            </address>
            <phone>1-414-278-2760</phone>
            <electronicMailAddress>colby@mpm.edu</electronicMailAddress>
        </metadataProvider>
        <associatedParty>
            <individualName>
                <givenName>Joanna</givenName>
                <surName>McCaffrey</surName>
            </individualName>
            <organizationName>iDigBio</organizationName>
            <positionName>Biodiversity Informatics Manager</positionName>
            <address>
                <country>UNITED_STATES</country>
            </address>
            <electronicMailAddress>jmccaffrey@flmnh.ufl.edu</electronicMailAddress>
            <onlineUrl>https://www.idigbio.org</onlineUrl>
            <role>PROGRAMMER</role>
        </associatedParty>
        <associatedParty>
            <individualName>
                <givenName>Christopher</givenName>
                <surName>Tyrrell</surName>
            </individualName>
            <organizationName>Milwaukee Public Museum</organizationName>
            <address>
                <deliveryPoint>800 W Wells St</deliveryPoint>
                <city>Milwaukee</city>
                <administrativeArea>WI</administrativeArea>
                <postalCode>53233</postalCode>
                <country>UNITED_STATES</country>
            </address>
            <phone>4142782761</phone>
            <electronicMailAddress>tyrrell@mpm.edu</electronicMailAddress>
            <role>CONTENT_PROVIDER</role>
        </associatedParty>
        <pubDate>
                2019-03-19
        </pubDate>
        <language>ENGLISH</language>
        <abstract>
            The Milwaukee Public Museum Invertebrate Zoology Collection numbers about 800,000 specimens of which 70% are insects and 30% are other invertebrate groups encompassing a broad diversity of animals (52 zoological classes.) Lepidoptera and Coleoptera comprise the largest portions of the insect collections, and Mollusca and Crustacea the largest collections of other invertebrates. Special insect collections include the Type Collection (about 60 holotypes and 55 syntypes) of various orders, tropical Lepidoptera and gynandromorphs from James R. Neidhoefer, a worldwide collection of Sphingidae from William E. Sieker, the Albert Schwartz collection of West Indies Lepidoptera, determined Costa Rican cacao-pollinating midges (Ceratopogonidae and Cecidomyiidae) from Allen M. Young’s research. Other significant invertebrate collections include a comprehensive survey of WI crayfishes made by the WI Department of Natural Resources, Horton H. Hobbs III and Joan P. Jass, the Harold Mathiak collection of WI freshwater unionids, and the WI arachnid collection, including the historically important George W. and Elizabeth G. Peckham Collection of jumping spiders. A more detailed description is available at http://www.mpm.edu/research-collections/invertebrate-zoology/collections-overview. For further information or loans, please contact Collection Manager Julia Colby (colby&amp;#64;mpm.edu).
        </abstract>
        <keywordSet>
            <keyword>Occurrence</keyword>
            <keywordThesaurus>GBIF Dataset Type Vocabulary: http://rs.gbif.org/vocabulary/gbif/dataset_type.xml</keywordThesaurus>
        </keywordSet>
        <keywordSet>
            <keyword>Specimen</keyword>
            <keywordThesaurus>GBIF Dataset Subtype Vocabulary: http://rs.gbif.org/vocabulary/gbif/dataset_subtype.xml</keywordThesaurus>
        </keywordSet>
        <intellectualRights>
            <para>To the extent possible under law, the publisher has waived all rights to these data and has dedicated them to the <ulink url="http://creativecommons.org/publicdomain/zero/1.0/legalcode"><citetitle>Public Domain (CC0 1.0)</citetitle></ulink>. Users may copy, modify, distribute and use the work, including for commercial purposes, without restriction.</para>
        </intellectualRights>
        <licensed>
            <licenseName>Creative Commons Zero v1.0 Universal</licenseName>
            <url>https://spdx.org/licenses/CC0-1.0.html</url>
            <identifier>CC0-1.0</identifier>
        </licensed>
        <distribution scope="document">
            <online>
                <url function="download">https://ipt.idigbio.org/archive.do?r=mpm-invert</url>
            </online>
        </distribution>
        <coverage>
            <geographicCoverage>
                <geographicDescription>Global</geographicDescription>
                <boundingCoordinates>
                    <westBoundingCoordinate>-180</westBoundingCoordinate>
                    <eastBoundingCoordinate>180</eastBoundingCoordinate>
                    <northBoundingCoordinate>90</northBoundingCoordinate>
                    <southBoundingCoordinate>-90</southBoundingCoordinate>
                </boundingCoordinates>
            </geographicCoverage>
            <temporalCoverage>
                <rangeOfDates>
                    <beginDate>
                        <calendarDate>                1887-01-01
</calendarDate>
                    </beginDate>
                    <endDate>
                        <calendarDate>                2018-12-31
</calendarDate>
                    </endDate>
                </rangeOfDates>
            </temporalCoverage>
            <taxonomicCoverage>
                <taxonomicClassification>
                    <taxonRankName>Order</taxonRankName>
                    <taxonRankValue>Lepidoptera</taxonRankValue>
                    <commonName>Butterflies &amp; Moths</commonName>
                </taxonomicClassification>
            </taxonomicCoverage>
        </coverage>
        <maintenance>
            <description>
                <para></para>
            </description>
            <maintenanceUpdateFrequency>irregular</maintenanceUpdateFrequency>
        </maintenance>
        <contact>
            <individualName>
                <givenName>Julia</givenName>
                <surName>Colby</surName>
            </individualName>
            <organizationName>Milwaukee Public Museum</organizationName>
            <address>
                <deliveryPoint>800 West Wells Street</deliveryPoint>
                <city>Milwaukee</city>
                <administrativeArea>Wisconsin</administrativeArea>
                <postalCode>53233-1478</postalCode>
                <country>UNITED_STATES</country>
            </address>
            <phone>1-414-278-2760</phone>
            <electronicMailAddress>colby@mpm.edu</electronicMailAddress>
        </contact>

            <project >
                <title>Lepidoptera of North America Network: Documenting Diversity in the Largest Clade of Herbivores</title>
                <personnel>
                    <individualName>
                    <givenName>Julia</givenName>
                    <surName>Colby</surName>
                    </individualName>
                    <role>ADMINISTRATIVE_POINT_OF_CONTACT</role>
                </personnel>
                <personnel>
                    <individualName>
                    <givenName>Jennifer</givenName>
                    <surName>Zaspel</surName>
                    </individualName>
                    <role>ADMINISTRATIVE_POINT_OF_CONTACT</role>
                </personnel>
                <abstract>
                    <para>The Lepidoptera of North America Network (LepNet) comprises 26 research collections that will digitize approximately 2 million specimen records and integrate these with over 1 million existing records. LepNet will digitize 43,280 larval vial records with host plant data, making this the first significant digitization of larvae in North American collections. LepNet will produce ca. 82,000 high-quality images of exemplar species covering 60% of North American lepidopteran species. These images will enhance remote identifications and facilitate systematic, ecological, and global change research. In collaboration with Visipedia, LepNet will create LepSnap, a computer vision tool that can provide automated identifications to the species level. Museum volunteers and student researchers equipped with smartphones will image &gt;132,000 additional research-quality images through LepSnap. Up to 5,000 lepidopteran species will be elevated to a &quot;research ready&quot; status suitable for complex, data-driven analyses. LepNet will build on the existing data portal (SCAN) in consolidating data on Lepidoptera to the evolution of lepidopteran herbivores in North America. Access to these data will be increased through integration with iDigBio. Data for a broad range of research, including the evolutionary ecology of Lepidoptera and their host plants in the context of global change processes affecting biogeographic distributions will be generated. The LepXPLOR! program will spearhead education and outreach efforts for 67 existing programs, engaging a diverse, nationwide workforce of 400+ students and 3,500+ volunteers. Overall, LepNet will generate a sustainable social-research network dedicated to the creation and maintenance of a digital collection of North American Lepidoptera specimens (http://www.lep-net.org/).</para>
                </abstract>
                <funding>
                    <para>DBI 1600824 (U.S. National Science Foundation)</para>
                </funding>
            </project>
    </dataset>

    <additionalMetadata>
        <metadata>
            <gbif>
                <dateStamp>2025-03-14T23:59:14Z</dateStamp>
                <citation>Colby J (2019). MPM Milwaukee Public Museum Invertebrate Zoology Collection. Version 1.7. Milwaukee Public Museum. Occurrence dataset https://doi.org/10.15468/d1zyd0 accessed via GBIF.org on 2025-03-14.</citation>
                <resourceLogoUrl>http://ipt.idigbio.org/logo.do?r=mpm-invert</resourceLogoUrl>
            </gbif>
        </metadata>
    </additionalMetadata>
    </eml:eml>
