<?xml version="1.0" encoding="utf-8"?>
<eml:eml xmlns:eml="https://eml.ecoinformatics.org/eml-2.2.0" xmlns:xsi="http://www.w3.org/2001/XMLSchema-instance"
         xsi:schemaLocation="https://eml.ecoinformatics.org/eml-2.2.0 https://rs.gbif.org/schema/eml-gbif-profile/1.3/eml.xsd"
packageId="e6b15dc0-d70e-446b-bf28-4ddb1a9f4f41"  system="http://gbif.org" scope="system"
xml:lang="en">
    <dataset>
        <alternateIdentifier>10.15468/3ck2nw</alternateIdentifier>
        <alternateIdentifier>https://scan-bugs.org:443/portal/collections/misc/collprofiles.php?collid=319</alternateIdentifier>
        <title>North Carolina State University Insect Collection</title>
        <creator>
            <organizationName>SCAN</organizationName>
            <electronicMailAddress>scan_noreply@asu.edu</electronicMailAddress>
            <onlineUrl>https://scan-bugs.org:443/portal/index.php</onlineUrl>
        </creator>
        <metadataProvider>
            <organizationName>SCAN</organizationName>
            <electronicMailAddress>scan_noreply@asu.edu</electronicMailAddress>
            <onlineUrl>https://scan-bugs.org:443/portal/index.php</onlineUrl>
        </metadataProvider>
        <associatedParty>
            <organizationName>North Carolina State University Insect Collection</organizationName>
            <positionName>Collection Manager</positionName>
            <electronicMailAddress>bblinn@ncsu.edu</electronicMailAddress>
            <role>CONTENT_PROVIDER</role>
        </associatedParty>
        <pubDate>
                2024-05-28
        </pubDate>
        <language>ENGLISH</language>
        <abstract>
            Housed in the Department of Entomology and Plant Pathology and the College of Agriculture and Life Science, the NCSU Insect Museum is a research collection dedicated to the acquisition and preservation of resources in systematic entomology useful to the NCSU Department of Entomology, the citizens of North Carolina, and the broader systematics community. The collection houses approximately 1.8 million specimens
        </abstract>
        <intellectualRights>
            <para>This work is licensed under a <ulink url="http://creativecommons.org/licenses/by-nc/4.0/legalcode"><citetitle>Creative Commons Attribution Non Commercial (CC-BY-NC) 4.0 License</citetitle></ulink>.</para>
        </intellectualRights>
        <licensed>
            <licenseName>Creative Commons Attribution Non Commercial 4.0 International</licenseName>
            <url>https://spdx.org/licenses/CC-BY-NC-4.0.html</url>
            <identifier>CC-BY-NC-4.0</identifier>
        </licensed>
        <distribution scope="document">
            <online>
                <url function="download">https://scan-bugs.org:443/portal/content/dwca/NCSU-ENT_DwC-A.zip</url>
            </online>
        </distribution>
        <contact>
            <organizationName>North Carolina State University Insect Collection</organizationName>
            <electronicMailAddress>bblinn@ncsu.edu</electronicMailAddress>
            <onlineUrl>https://projects.ncsu.edu/cals/entomology/museum/index.php</onlineUrl>
        </contact>

    </dataset>

    <additionalMetadata>
        <metadata>
            <gbif>
                <dateStamp>2025-03-14T23:59:16Z</dateStamp>
                <citation>North Carolina State University Insect Collection (2024). North Carolina State University Insect Collection. Occurrence dataset https://doi.org/10.15468/3ck2nw accessed via GBIF.org on 2025-03-14.</citation>
            </gbif>
        </metadata>
    </additionalMetadata>
    </eml:eml>
